"","spotify_id","name","followers","popularity","genres","chart_hits"
"1","5f7VJjfbwm532GiveGC0ZK","Lil Baby",11530234,89,"['atl hip hop', 'atl trap', 'rap', 'trap']","['us (62)', 'gb (16)', 'au (6)', 'at (3)', 'be (6)', 'bg (14)', 'ca (51)', 'cy (10)', 'cz (3)', 'dk (5)', 'do (1)', 'ee (4)', 'fi (3)', 'fr (2)', 'de (3)', 'gr (11)', 'hn (1)', 'hk (2)', 'hu (4)', 'is (20)', 'ie (7)', 'il (4)', 'lv (7)', 'lt (10)', 'lu (16)', 'mt (11)', 'ma (4)', 'nl (5)', 'nz (5)', 'no (8)', 'pa (1)', 'pt (6)', 'ro (13)', 'sa (3)', 'sg (1)', 'sk (4)', 'za (13)', 'se (3)', 'ch (8)', 'tw (2)', 'th (1)', 'ae (7)']"
"2","2h93pZq0e7k5yf4dywlkpM","Frank Ocean",9951370,83,"['hip hop', 'lgbtq+ hip hop', 'neo soul', 'pop']","['us (17)', 'gb (10)', 'au (15)', 'at (1)', 'be (3)', 'bg (4)', 'ca (14)', 'cy (1)', 'dk (13)', 'ee (7)', 'fi (1)', 'fr (1)', 'de (1)', 'gr (2)', 'hk (1)', 'hu (1)', 'is (20)', 'id (1)', 'ie (8)', 'lv (5)', 'lt (8)', 'lu (2)', 'mt (1)', 'nl (1)', 'nz (14)', 'no (7)', 'pl (1)', 'pt (6)', 'ro (1)', 'sa (1)', 'sg (2)', 'sk (3)', 'za (4)', 'se (6)', 'ch (3)', 'ae (2)']"
"3","3Mcii5XWf6E0lrY3Uky4cA","Ice Cube",6028684,74,"['conscious hip hop', 'g funk', 'gangster rap', 'hip hop', 'rap', 'west coast rap']","['us (1)', 'ca (1)', 'ee (1)', 'fi (1)', 'is (2)', 'lv (1)', 'lt (1)', 'nz (1)', 'sa (2)']"
"4","0hCNtLu0JehylgoiP8L4Gh","Nicki Minaj",26039960,87,"['dance pop', 'hip pop', 'pop', 'queens hip hop', 'rap']","['us (40)', 'gb (22)', 'ar (5)', 'au (19)', 'at (9)', 'be (14)', 'bo (4)', 'br (7)', 'bg (29)', 'ca (31)', 'cl (5)', 'co (5)', 'cr (5)', 'cy (15)', 'cz (10)', 'dk (7)', 'do (8)', 'ec (4)', 'eg (1)', 'sv (5)', 'ee (15)', 'fi (13)', 'fr (5)', 'de (11)', 'gr (23)', 'gt (3)', 'hn (6)', 'hk (11)', 'hu (14)', 'is (12)', 'in (2)', 'id (1)', 'ie (17)', 'il (6)', 'it (5)', 'jp (1)', 'lv (13)', 'lt (15)', 'lu (14)', 'my (11)', 'mt (12)', 'mx (3)', 'ma (2)', 'nl (10)', 'nz (18)', 'ni (4)', 'no (13)', 'pa (6)', 'py (4)', 'pe (3)', 'ph (9)', 'pl (10)', 'pt (13)', 'ro (16)', 'sa (4)', 'sg (12)', 'sk (17)', 'za (11)', 'kr (2)', 'es (5)', 'se (13)', 'ch (16)', 'tw (13)', 'th (6)', 'tr (8)', 'ae (4)', 'uy (4)', 'vn (8)']"
"5","4xRYI6VqpkE3UwrDrAZL8L","Logic",5783112,77,"['conscious hip hop', 'dmv rap', 'hip hop', 'pop rap', 'rap']","['us (89)', 'gb (14)', 'ar (1)', 'au (10)', 'at (7)', 'be (7)', 'bo (2)', 'br (1)', 'bg (26)', 'ca (57)', 'co (1)', 'cr (3)', 'cy (18)', 'cz (8)', 'dk (7)', 'do (3)', 'ec (1)', 'eg (3)', 'sv (3)', 'ee (14)', 'fi (9)', 'fr (3)', 'de (7)', 'gr (27)', 'gt (3)', 'hn (3)', 'hk (6)', 'hu (12)', 'is (8)', 'in (2)', 'id (4)', 'ie (10)', 'il (7)', 'it (3)', 'jp (3)', 'lv (18)', 'lt (16)', 'lu (20)', 'my (6)', 'mt (19)', 'mx (1)', 'ma (2)', 'nl (5)', 'nz (17)', 'ni (2)', 'no (12)', 'pa (3)', 'py (1)', 'pe (1)', 'ph (4)', 'pl (5)', 'pt (12)', 'ro (15)', 'sa (3)', 'sg (6)', 'sk (11)', 'za (5)', 'es (3)', 'se (9)', 'ch (8)', 'tw (6)', 'th (5)', 'tr (3)', 'ua (1)', 'ae (3)', 'uy (1)', 'vn (3)']"
"6","4VMYDCV2IEDYJArk749S6m","Daddy Yankee",29446452,87,"['latin hip hop', 'reggaeton', 'trap latino']","['us (3)', 'gb (1)', 'ar (32)', 'au (1)', 'at (3)', 'be (2)', 'bo (35)', 'br (1)', 'bg (4)', 'ca (4)', 'cl (51)', 'co (34)', 'cr (31)', 'cy (4)', 'cz (2)', 'dk (1)', 'do (42)', 'ec (47)', 'eg (1)', 'sv (46)', 'ee (3)', 'fi (2)', 'fr (2)', 'de (3)', 'gr (3)', 'gt (43)', 'hn (46)', 'hk (2)', 'hu (3)', 'is (1)', 'in (1)', 'ie (1)', 'il (2)', 'it (7)', 'jp (2)', 'lv (2)', 'lt (4)', 'lu (5)', 'my (2)', 'mt (9)', 'mx (30)', 'ma (1)', 'nl (2)', 'nz (2)', 'ni (42)', 'no (2)', 'pa (39)', 'py (28)', 'pe (42)', 'ph (2)', 'pl (2)', 'pt (6)', 'ro (3)', 'sa (1)', 'sg (2)', 'sk (3)', 'za (1)', 'es (44)', 'se (2)', 'ch (10)', 'tw (2)', 'th (2)', 'tr (1)', 'ae (2)', 'uy (36)', 'vn (1)', 'ad (2)']"
"7","0ErzCpIMyLcjPiwT4elrtZ","NLE Choppa",5066308,76,"['memphis hip hop']","['us (15)', 'gb (1)', 'au (3)', 'at (1)', 'be (2)', 'bg (7)', 'ca (11)', 'cy (4)', 'dk (2)', 'eg (1)', 'ee (4)', 'fi (3)', 'de (1)', 'gr (4)', 'hu (4)', 'is (6)', 'ie (3)', 'il (2)', 'lv (4)', 'lt (4)', 'lu (6)', 'mt (2)', 'ma (1)', 'nl (1)', 'nz (3)', 'no (3)', 'pt (1)', 'ro (5)', 'sa (1)', 'sk (1)', 'za (4)', 'se (1)', 'ch (2)', 'ae (4)']"
"8","1gPhS1zisyXr5dHTYZyiMe","Kevin Gates",5326006,74,"['baton rouge rap', 'pop rap', 'rap', 'southern hip hop', 'trap']","['us (13)', 'au (2)', 'bg (3)', 'ca (5)', 'cy (1)', 'cz (1)', 'ee (1)', 'fi (1)', 'gr (2)', 'hk (1)', 'hu (1)', 'is (3)', 'lv (5)', 'lt (1)', 'my (1)', 'nz (3)', 'no (2)', 'pl (2)', 'pt (1)', 'sg (1)', 'sk (2)', 'za (1)', 'ch (2)', 'tw (2)', 'tr (1)']"
"9","6oMuImdp5ZcFhWP0ESe6mG","Migos",12531248,77,"['atl hip hop', 'hip hop', 'pop rap', 'rap', 'trap']","['us (59)', 'gb (15)', 'au (9)', 'at (12)', 'be (13)', 'bo (1)', 'br (1)', 'bg (49)', 'ca (53)', 'co (1)', 'cr (3)', 'cy (12)', 'cz (8)', 'dk (14)', 'do (4)', 'eg (1)', 'sv (2)', 'ee (13)', 'fi (9)', 'fr (18)', 'de (14)', 'gr (35)', 'gt (1)', 'hn (3)', 'hk (5)', 'hu (15)', 'is (32)', 'id (4)', 'ie (11)', 'il (4)', 'it (7)', 'jp (3)', 'lv (16)', 'lt (11)', 'lu (41)', 'my (4)', 'mt (14)', 'mx (1)', 'ma (4)', 'nl (12)', 'nz (10)', 'ni (2)', 'no (12)', 'pa (4)', 'py (1)', 'ph (4)', 'pl (6)', 'pt (11)', 'ro (17)', 'sa (2)', 'sg (6)', 'sk (21)', 'za (22)', 'kr (2)', 'es (2)', 'se (11)', 'ch (29)', 'tw (6)', 'th (3)', 'tr (5)', 'ae (3)', 'vn (1)']"
"10","699OTQXzgjhIYAHMy9RyPD","Playboi Carti",6914690,82,"['atl hip hop', 'plugg', 'pluggnb', 'rap']","['us (26)', 'gb (2)', 'au (3)', 'at (1)', 'be (1)', 'bg (13)', 'ca (14)', 'cy (3)', 'cz (1)', 'dk (1)', 'eg (1)', 'ee (15)', 'fi (2)', 'fr (1)', 'de (1)', 'gr (7)', 'hk (1)', 'hu (3)', 'is (19)', 'ie (1)', 'il (1)', 'lv (16)', 'lt (9)', 'lu (4)', 'my (1)', 'mt (2)', 'ma (2)', 'nl (1)', 'nz (4)', 'no (1)', 'pl (1)', 'pt (3)', 'ro (19)', 'ru (9)', 'sa (3)', 'sg (1)', 'sk (4)', 'za (6)', 'se (1)', 'ch (2)', 'tw (1)', 'ua (9)', 'ae (4)']"
"11","0jnsk9HBra6NMjO2oANoPY","Flo Rida",8645421,77,"['dance pop', 'miami hip hop', 'pop', 'pop rap']","['us (6)', 'gb (6)', 'ar (5)', 'au (9)', 'at (10)', 'be (5)', 'bo (4)', 'br (4)', 'bg (7)', 'ca (7)', 'cl (3)', 'co (4)', 'cr (3)', 'cy (4)', 'cz (7)', 'dk (10)', 'do (3)', 'ec (4)', 'sv (3)', 'ee (8)', 'fi (10)', 'fr (4)', 'de (9)', 'gr (7)', 'gt (4)', 'hn (3)', 'hk (6)', 'hu (10)', 'is (7)', 'id (2)', 'ie (6)', 'it (5)', 'lv (8)', 'lt (8)', 'lu (4)', 'my (6)', 'mt (7)', 'mx (4)', 'nl (5)', 'nz (6)', 'ni (3)', 'no (16)', 'pa (3)', 'py (3)', 'pe (4)', 'ph (6)', 'pl (7)', 'pt (4)', 'sg (7)', 'sk (7)', 'es (4)', 'se (9)', 'ch (8)', 'tw (7)', 'tr (7)', 'uy (4)']"
"12","0fA0VVWsXO9YnASrzqfmYu","Kid Cudi",6000043,81,"['hip hop', 'ohio hip hop', 'rap']","['us (28)', 'gb (4)', 'au (4)', 'at (1)', 'be (3)', 'bg (8)', 'ca (21)', 'co (1)', 'cy (2)', 'dk (2)', 'eg (6)', 'ee (9)', 'fi (2)', 'fr (4)', 'de (2)', 'gr (2)', 'hn (1)', 'hu (2)', 'is (13)', 'ie (6)', 'il (1)', 'lv (14)', 'lt (6)', 'lu (4)', 'ma (5)', 'nl (1)', 'nz (4)', 'ni (1)', 'no (4)', 'pe (1)', 'pt (2)', 'ro (4)', 'ru (3)', 'sa (4)', 'sk (2)', 'za (11)', 'ch (4)', 'ua (2)', 'ae (10)']"
"13","2EMAnMvWE2eb56ToJVfCWs","Bryson Tiller",5942355,78,"['kentucky hip hop', 'pop', 'r&b', 'rap', 'trap']","['us (30)', 'gb (7)', 'au (5)', 'at (1)', 'be (1)', 'bo (1)', 'br (1)', 'bg (4)', 'ca (26)', 'cy (1)', 'cz (1)', 'dk (2)', 'do (1)', 'ee (1)', 'fr (1)', 'de (1)', 'gr (4)', 'hk (1)', 'hu (1)', 'is (2)', 'id (1)', 'ie (3)', 'it (1)', 'lv (1)', 'lt (2)', 'lu (3)', 'my (1)', 'mt (1)', 'nl (4)', 'nz (4)', 'no (2)', 'pa (1)', 'ph (1)', 'pl (1)', 'pt (2)', 'ro (1)', 'sg (1)', 'sk (1)', 'za (12)', 'se (2)', 'ch (4)', 'tw (1)', 'ae (1)']"
"14","3MHaV05u0io8fQbZ2XPtlC","Prince Royce",7222786,76,"['bachata', 'latin hip hop', 'latin pop']","['us (1)', 'ar (12)', 'au (1)', 'bo (12)', 'br (2)', 'bg (1)', 'ca (1)', 'cl (10)', 'co (8)', 'cr (11)', 'cz (1)', 'do (9)', 'ec (13)', 'sv (10)', 'ee (1)', 'fi (1)', 'gr (1)', 'gt (14)', 'hn (14)', 'hk (1)', 'hu (1)', 'is (1)', 'ie (1)', 'it (1)', 'lv (1)', 'lt (1)', 'my (1)', 'mt (2)', 'mx (12)', 'nl (1)', 'nz (1)', 'ni (8)', 'pa (12)', 'py (10)', 'pe (14)', 'ph (1)', 'pl (2)', 'pt (1)', 'sg (1)', 'sk (1)', 'es (19)', 'ch (2)', 'tw (1)', 'tr (1)', 'uy (12)', 'ad (1)']"
"15","5yG7ZAZafVaAlMTeBybKAL","Iggy Azalea",6098372,69,"['australian hip hop', 'dance pop', 'hip pop', 'pop', 'pop rap', 'post-teen pop', 'rap', 'uk pop', 'viral rap']","['us (7)', 'gb (6)', 'ar (3)', 'au (6)', 'at (3)', 'be (6)', 'bo (2)', 'br (8)', 'bg (7)', 'ca (7)', 'cl (3)', 'co (2)', 'cr (2)', 'cy (5)', 'cz (5)', 'dk (4)', 'do (3)', 'ec (2)', 'sv (3)', 'ee (5)', 'fi (3)', 'fr (2)', 'de (3)', 'gr (7)', 'gt (2)', 'hn (2)', 'hk (6)', 'hu (5)', 'is (3)', 'id (1)', 'ie (6)', 'it (4)', 'lv (4)', 'lt (5)', 'lu (3)', 'my (7)', 'mt (3)', 'mx (3)', 'nl (4)', 'nz (6)', 'ni (2)', 'no (4)', 'pa (2)', 'py (3)', 'pe (2)', 'ph (7)', 'pl (6)', 'pt (6)', 'ro (2)', 'sg (6)', 'sk (5)', 'es (3)', 'se (3)', 'ch (5)', 'tw (8)', 'tr (6)', 'uy (2)', 'vn (1)']"
"16","20sxb77xiYeusSH8cVdatc","Meek Mill",6481503,75,"['hip hop', 'philly rap', 'pop rap', 'rap', 'southern hip hop', 'trap']","['us (52)', 'gb (8)', 'au (4)', 'at (2)', 'be (3)', 'bo (1)', 'br (1)', 'bg (4)', 'ca (36)', 'co (1)', 'cr (2)', 'cy (3)', 'cz (2)', 'dk (2)', 'do (2)', 'sv (1)', 'ee (2)', 'fi (2)', 'fr (2)', 'de (2)', 'gr (6)', 'gt (1)', 'hn (1)', 'hk (2)', 'hu (2)', 'is (2)', 'ie (2)', 'il (1)', 'it (1)', 'lv (2)', 'lt (3)', 'lu (4)', 'my (3)', 'mt (2)', 'ma (1)', 'nl (3)', 'nz (5)', 'no (2)', 'pa (2)', 'py (1)', 'ph (3)', 'pl (4)', 'pt (2)', 'ro (3)', 'sa (1)', 'sg (3)', 'sk (2)', 'za (3)', 'es (1)', 'se (2)', 'ch (5)', 'tw (3)', 'th (1)', 'tr (2)', 'ae (1)', 'uy (1)', 'vn (1)']"
"17","4V8LLVI7PbaPR0K2TGSxFF","Tyler, The Creator",9524149,84,"['hip hop', 'rap']","['us (43)', 'gb (28)', 'au (30)', 'at (3)', 'be (9)', 'br (1)', 'bg (23)', 'ca (37)', 'cr (1)', 'cy (8)', 'cz (6)', 'dk (16)', 'do (1)', 'eg (1)', 'ee (28)', 'fi (7)', 'fr (1)', 'de (2)', 'gr (15)', 'hn (1)', 'hk (2)', 'hu (10)', 'is (29)', 'in (1)', 'id (1)', 'ie (24)', 'il (11)', 'jp (1)', 'lv (33)', 'lt (33)', 'lu (13)', 'my (2)', 'mt (8)', 'ma (1)', 'nl (6)', 'nz (30)', 'no (13)', 'pa (1)', 'ph (2)', 'pl (9)', 'pt (23)', 'ro (19)', 'ru (5)', 'sa (2)', 'sg (3)', 'sk (14)', 'za (14)', 'kr (10)', 'se (3)', 'ch (10)', 'tw (2)', 'th (1)', 'ua (4)', 'ae (10)', 'vn (1)']"
"18","716NhGYqD1jl2wI1Qkgq36","Bizarrap",6978398,87,"['argentine hip hop', 'pop venezolano', 'trap argentino']","['us (1)', 'ar (50)', 'at (1)', 'be (1)', 'bo (24)', 'ca (1)', 'cl (27)', 'co (12)', 'cr (27)', 'cy (1)', 'do (9)', 'ec (18)', 'sv (16)', 'fr (1)', 'de (1)', 'gt (14)', 'hn (12)', 'is (1)', 'ie (1)', 'it (1)', 'lt (1)', 'lu (2)', 'mx (14)', 'ma (2)', 'ni (14)', 'pa (15)', 'py (31)', 'pe (17)', 'pt (1)', 'kr (1)', 'es (27)', 'ch (1)', 'ae (1)', 'uy (47)', 'ad (1)']"
"19","7dGJo4pcD2V6oG8kP0tJRR","Eminem",59184634,90,"['detroit hip hop', 'hip hop', 'rap']","['us (78)', 'gb (72)', 'ar (7)', 'au (64)', 'at (61)', 'be (48)', 'bo (8)', 'br (10)', 'bg (73)', 'ca (73)', 'cl (5)', 'co (7)', 'cr (15)', 'cy (62)', 'cz (54)', 'dk (54)', 'do (12)', 'ec (8)', 'eg (32)', 'sv (8)', 'ee (63)', 'fi (70)', 'fr (48)', 'de (68)', 'gr (62)', 'gt (8)', 'hn (9)', 'hk (24)', 'hu (58)', 'is (47)', 'in (9)', 'id (7)', 'ie (63)', 'il (38)', 'it (39)', 'jp (5)', 'lv (64)', 'lt (58)', 'lu (56)', 'my (21)', 'mt (53)', 'mx (8)', 'ma (34)', 'nl (54)', 'nz (66)', 'ni (6)', 'no (68)', 'pa (8)', 'py (6)', 'pe (2)', 'ph (10)', 'pl (28)', 'pt (54)', 'ro (50)', 'ru (2)', 'sa (39)', 'sg (24)', 'sk (60)', 'za (25)', 'es (7)', 'se (62)', 'ch (71)', 'tw (15)', 'th (7)', 'tr (31)', 'ua (4)', 'ae (29)', 'uy (5)', 'vn (13)']"
"20","2kCcBybjl3SAtIcwdWpUe3","Lil Peep",8967975,82,"['emo rap', 'lgbtq+ hip hop']","['us (14)', 'gb (10)', 'ar (1)', 'au (5)', 'at (11)', 'be (2)', 'bo (1)', 'br (1)', 'bg (16)', 'ca (10)', 'cl (1)', 'co (1)', 'cr (1)', 'cy (8)', 'cz (27)', 'dk (6)', 'do (1)', 'ec (1)', 'sv (1)', 'ee (29)', 'fi (15)', 'fr (2)', 'de (10)', 'gr (11)', 'gt (1)', 'hn (1)', 'hk (2)', 'hu (16)', 'is (13)', 'id (1)', 'ie (7)', 'il (1)', 'it (1)', 'jp (1)', 'lv (31)', 'lt (22)', 'lu (10)', 'my (1)', 'mt (11)', 'mx (1)', 'nl (1)', 'nz (6)', 'ni (1)', 'no (9)', 'pa (1)', 'py (1)', 'pe (1)', 'ph (1)', 'pl (21)', 'pt (4)', 'ro (14)', 'ru (4)', 'sg (2)', 'sk (30)', 'es (1)', 'se (10)', 'ch (7)', 'tw (2)', 'th (1)', 'tr (1)', 'ua (5)', 'uy (1)', 'vn (1)']"
"21","0c173mlxpT3dSFRgMO8XPh","Big Sean",10005476,78,"['detroit hip hop', 'hip hop', 'pop', 'pop rap', 'r&b', 'rap', 'southern hip hop', 'trap']","['us (48)', 'gb (6)', 'au (6)', 'at (5)', 'be (5)', 'bo (2)', 'br (2)', 'bg (16)', 'ca (32)', 'cr (2)', 'cy (4)', 'cz (6)', 'dk (4)', 'do (3)', 'sv (2)', 'ee (9)', 'fi (5)', 'fr (3)', 'de (4)', 'gr (13)', 'gt (2)', 'hn (3)', 'hk (4)', 'hu (8)', 'is (13)', 'id (1)', 'ie (6)', 'il (1)', 'it (4)', 'lv (10)', 'lt (8)', 'lu (8)', 'my (5)', 'mt (6)', 'nl (5)', 'nz (7)', 'no (8)', 'pa (3)', 'py (2)', 'ph (5)', 'pl (5)', 'pt (6)', 'ro (3)', 'sa (1)', 'sg (5)', 'sk (7)', 'za (10)', 'es (1)', 'se (4)', 'ch (9)', 'tw (5)', 'tr (4)', 'ae (2)', 'uy (2)']"
"22","4r63FhuTkUYltbVAg5TQnk","DaBaby",10052327,82,"['north carolina hip hop', 'rap', 'trap']","['us (39)', 'gb (6)', 'ar (1)', 'au (7)', 'at (4)', 'be (6)', 'bo (1)', 'br (1)', 'bg (17)', 'ca (35)', 'cl (1)', 'co (1)', 'cr (2)', 'cy (8)', 'cz (3)', 'dk (7)', 'do (3)', 'ec (1)', 'eg (3)', 'sv (1)', 'ee (9)', 'fi (6)', 'fr (2)', 'de (3)', 'gr (13)', 'gt (1)', 'hn (1)', 'hk (4)', 'hu (7)', 'is (16)', 'in (2)', 'id (1)', 'ie (10)', 'il (6)', 'it (1)', 'jp (1)', 'lv (9)', 'lt (8)', 'lu (14)', 'my (2)', 'mt (8)', 'mx (1)', 'ma (3)', 'nl (4)', 'nz (9)', 'ni (1)', 'no (9)', 'pa (2)', 'py (1)', 'pe (1)', 'ph (2)', 'pl (1)', 'pt (5)', 'ro (9)', 'ru (1)', 'sa (5)', 'sg (3)', 'sk (4)', 'za (15)', 'kr (1)', 'es (1)', 'se (4)', 'ch (8)', 'tw (3)', 'th (1)', 'tr (1)', 'ua (1)', 'ae (8)', 'uy (1)', 'vn (1)', 'ad (1)']"
"23","1anyVhU62p31KFi8MEzkbf","Chance the Rapper",5737262,75,"['chicago rap', 'conscious hip hop', 'hip hop', 'pop rap', 'rap']","['us (33)', 'gb (3)', 'au (4)', 'be (1)', 'bg (2)', 'ca (18)', 'cy (1)', 'cz (1)', 'ee (2)', 'gr (2)', 'hu (1)', 'is (2)', 'ie (2)', 'il (1)', 'lv (2)', 'lt (2)', 'lu (1)', 'mt (1)', 'nz (3)', 'ph (1)', 'pl (1)', 'pt (1)', 'ro (1)', 'sg (1)', 'sk (1)', 'za (3)', 'ch (1)']"
"24","329e4yvIujISKGKz1BZZbO","Farruko",13975050,84,"['latin hip hop', 'reggaeton', 'trap latino']","['us (1)', 'ar (19)', 'at (1)', 'be (3)', 'bo (19)', 'bg (2)', 'ca (1)', 'cl (27)', 'co (21)', 'cr (18)', 'cy (1)', 'cz (1)', 'dk (1)', 'do (39)', 'ec (19)', 'sv (20)', 'ee (1)', 'fi (1)', 'fr (3)', 'de (1)', 'gr (1)', 'gt (28)', 'hn (29)', 'hk (1)', 'hu (1)', 'is (1)', 'ie (1)', 'il (1)', 'it (1)', 'lv (1)', 'lt (1)', 'lu (3)', 'mt (3)', 'mx (13)', 'ma (1)', 'nl (1)', 'ni (16)', 'no (1)', 'pa (38)', 'py (25)', 'pe (20)', 'ph (1)', 'pl (1)', 'pt (2)', 'ro (1)', 'sa (1)', 'sg (1)', 'sk (1)', 'za (1)', 'kr (1)', 'es (22)', 'se (1)', 'ch (1)', 'tw (1)', 'ae (1)', 'uy (21)', 'ad (1)']"
"25","2YZyLoL8N0Wb9xBt1NhZWg","Kendrick Lamar",21389956,88,"['conscious hip hop', 'hip hop', 'rap', 'west coast rap']","['us (65)', 'gb (62)', 'ar (2)', 'au (64)', 'at (40)', 'be (61)', 'bo (3)', 'br (16)', 'bg (46)', 'ca (64)', 'cl (3)', 'co (5)', 'cr (17)', 'cy (36)', 'cz (27)', 'dk (54)', 'do (12)', 'ec (2)', 'eg (13)', 'sv (5)', 'ee (48)', 'fi (42)', 'fr (41)', 'de (47)', 'gr (39)', 'gt (3)', 'hn (7)', 'hk (20)', 'hu (33)', 'is (52)', 'in (2)', 'id (6)', 'ie (64)', 'il (22)', 'it (28)', 'jp (4)', 'lv (50)', 'lt (47)', 'lu (39)', 'my (21)', 'mt (21)', 'mx (5)', 'ma (19)', 'nl (58)', 'nz (64)', 'ni (5)', 'no (50)', 'pa (12)', 'py (4)', 'pe (2)', 'ph (16)', 'pl (42)', 'pt (65)', 'ro (22)', 'sa (16)', 'sg (25)', 'sk (40)', 'za (25)', 'kr (18)', 'es (7)', 'se (41)', 'ch (57)', 'tw (16)', 'th (6)', 'tr (14)', 'ua (2)', 'ae (21)', 'uy (3)', 'vn (2)']"
"26","3wyVrVrFCkukjdVIdirGVY","Lil Pump",7916606,66,"['emo rap', 'miami hip hop', 'rap', 'trap', 'viral rap']","['us (17)', 'gb (2)', 'ar (2)', 'au (3)', 'at (5)', 'be (6)', 'bo (2)', 'br (1)', 'bg (13)', 'ca (15)', 'cl (2)', 'co (1)', 'cr (3)', 'cy (7)', 'cz (6)', 'dk (6)', 'do (3)', 'ec (1)', 'sv (3)', 'ee (9)', 'fi (6)', 'fr (4)', 'de (6)', 'gr (8)', 'gt (3)', 'hn (4)', 'hk (1)', 'hu (8)', 'is (14)', 'id (1)', 'ie (4)', 'il (3)', 'it (5)', 'jp (1)', 'lv (11)', 'lt (8)', 'lu (7)', 'my (1)', 'mt (7)', 'mx (2)', 'nl (4)', 'nz (4)', 'ni (2)', 'no (6)', 'pa (4)', 'py (3)', 'pe (1)', 'ph (1)', 'pl (6)', 'pt (5)', 'ro (9)', 'sa (1)', 'sg (1)', 'sk (8)', 'es (3)', 'se (5)', 'ch (6)', 'tw (1)', 'th (1)', 'tr (1)', 'ae (1)', 'uy (2)']"
"27","17lzZA2AlOHwCwFALHttmp","2 Chainz",7360903,76,"['atl hip hop', 'gangster rap', 'hip hop', 'pop rap', 'rap', 'southern hip hop', 'trap']","['us (18)', 'gb (1)', 'au (3)', 'at (1)', 'be (3)', 'bg (6)', 'ca (10)', 'cy (3)', 'cz (1)', 'dk (2)', 'ee (2)', 'fi (1)', 'fr (1)', 'de (1)', 'gr (6)', 'hk (2)', 'hu (2)', 'is (4)', 'in (1)', 'ie (1)', 'il (1)', 'it (1)', 'lv (5)', 'lt (3)', 'lu (5)', 'my (1)', 'mt (2)', 'mx (1)', 'nz (4)', 'no (2)', 'pl (1)', 'pt (1)', 'ro (3)', 'sg (1)', 'sk (2)', 'se (1)', 'ch (3)', 'tw (1)']"
"28","2iojnBLj0qIMiKPvVhLnsH","Trey Songz",6795545,70,"['dance pop', 'hip pop', 'pop', 'r&b', 'southern hip hop', 'trap', 'urban contemporary']","['us (4)', 'gb (1)', 'au (1)', 'be (1)', 'bg (2)', 'ca (2)', 'cz (1)', 'do (1)', 'ee (1)', 'fr (1)', 'gr (1)', 'hn (1)', 'hk (2)', 'hu (1)', 'is (1)', 'ie (1)', 'it (1)', 'lv (1)', 'lt (1)', 'my (2)', 'mt (1)', 'nl (2)', 'nz (2)', 'pa (1)', 'ph (2)', 'pl (1)', 'pt (1)', 'sg (2)', 'sk (1)', 'ch (1)', 'tw (2)', 'tr (2)']"
"29","1URnnhqYAYcrqrcwql10ft","21 Savage",11641065,86,"['atl hip hop', 'rap', 'trap']","['us (59)', 'gb (10)', 'au (9)', 'at (7)', 'be (10)', 'br (1)', 'bg (37)', 'ca (47)', 'cr (2)', 'cy (11)', 'cz (5)', 'dk (7)', 'do (2)', 'eg (5)', 'sv (1)', 'ee (12)', 'fi (7)', 'fr (7)', 'de (6)', 'gr (24)', 'hn (2)', 'hk (4)', 'hu (10)', 'is (24)', 'in (1)', 'id (2)', 'ie (11)', 'il (6)', 'it (4)', 'jp (2)', 'lv (17)', 'lt (16)', 'lu (22)', 'my (3)', 'mt (6)', 'ma (4)', 'nl (8)', 'nz (10)', 'no (11)', 'pa (2)', 'ph (2)', 'pl (3)', 'pt (9)', 'ro (23)', 'ru (6)', 'sa (5)', 'sg (5)', 'sk (8)', 'za (17)', 'es (1)', 'se (6)', 'ch (17)', 'tw (4)', 'th (3)', 'tr (2)', 'ua (6)', 'ae (8)', 'vn (1)']"
"30","3q7HBObVc0L8jNeTe5Gofh","50 Cent",9380724,82,"['east coast hip hop', 'gangster rap', 'hip hop', 'pop rap', 'queens hip hop', 'rap']","['us (2)', 'gb (2)', 'au (1)', 'at (1)', 'be (1)', 'br (1)', 'bg (1)', 'ca (3)', 'cr (1)', 'cy (1)', 'dk (1)', 'ee (1)', 'fi (1)', 'de (1)', 'hu (1)', 'is (1)', 'ie (1)', 'lv (1)', 'lu (1)', 'mt (1)', 'nl (1)', 'nz (1)', 'ni (1)', 'no (1)', 'ph (1)', 'sg (1)', 'sk (1)', 'se (1)', 'ch (2)', 'ae (1)']"
"31","46SHBwWsqBkxI7EeeBEQG7","Kodak Black",8470773,81,"['florida rap', 'hip hop', 'melodic rap', 'miami hip hop', 'rap', 'trap']","['us (24)', 'gb (3)', 'au (5)', 'at (2)', 'be (4)', 'bg (9)', 'ca (15)', 'cr (1)', 'cy (6)', 'cz (3)', 'dk (2)', 'do (1)', 'sv (1)', 'ee (7)', 'fi (2)', 'fr (2)', 'de (2)', 'gr (9)', 'hn (1)', 'hk (2)', 'hu (4)', 'is (9)', 'id (1)', 'ie (5)', 'il (1)', 'it (1)', 'jp (1)', 'lv (9)', 'lt (7)', 'lu (9)', 'my (1)', 'mt (4)', 'ma (1)', 'nl (2)', 'nz (5)', 'no (6)', 'pa (1)', 'ph (1)', 'pl (2)', 'pt (4)', 'ro (6)', 'sa (1)', 'sg (2)', 'sk (4)', 'za (2)', 'es (1)', 'se (2)', 'ch (4)', 'tw (2)', 'th (1)', 'tr (1)', 'ae (2)', 'vn (1)']"
"32","0TnOYISbd1XYRBk9myaseg","Pitbull",9555658,82,"['dance pop', 'miami hip hop', 'pop', 'pop rap']","['us (7)', 'gb (7)', 'ar (20)', 'au (7)', 'at (10)', 'be (9)', 'bo (17)', 'br (8)', 'bg (8)', 'ca (8)', 'cl (16)', 'co (15)', 'cr (12)', 'cy (2)', 'cz (7)', 'dk (8)', 'do (11)', 'ec (21)', 'sv (18)', 'ee (10)', 'fi (13)', 'fr (7)', 'de (11)', 'gr (8)', 'gt (20)', 'hn (15)', 'hk (7)', 'hu (10)', 'is (8)', 'id (2)', 'ie (8)', 'it (11)', 'lv (10)', 'lt (10)', 'lu (6)', 'my (12)', 'mt (9)', 'mx (20)', 'nl (11)', 'nz (7)', 'ni (13)', 'no (13)', 'pa (21)', 'py (13)', 'pe (17)', 'ph (6)', 'pl (7)', 'pt (12)', 'sg (9)', 'sk (10)', 'es (21)', 'se (8)', 'ch (10)', 'tw (13)', 'tr (6)', 'uy (18)', 'ad (1)']"
"33","0eHQ9o50hj6ZDNBt6Ys1sD","Yandel",6199874,75,"['latin hip hop', 'reggaeton', 'reggaeton flow', 'trap latino']","['us (1)', 'ar (21)', 'bo (17)', 'bg (1)', 'cl (30)', 'co (19)', 'cr (9)', 'do (21)', 'ec (17)', 'sv (17)', 'gt (24)', 'hn (18)', 'mt (2)', 'mx (15)', 'ni (11)', 'pa (18)', 'py (24)', 'pe (14)', 'es (21)', 'uy (24)']"
"34","137W8MRPWKqSmrBGDBFSop","Wiz Khalifa",10707810,82,"['hip hop', 'pittsburgh rap', 'pop rap', 'rap', 'southern hip hop', 'trap']","['us (21)', 'gb (2)', 'ar (1)', 'au (2)', 'at (2)', 'be (1)', 'bo (1)', 'br (2)', 'bg (10)', 'ca (13)', 'cl (1)', 'co (1)', 'cr (1)', 'cy (5)', 'cz (1)', 'dk (3)', 'do (1)', 'ec (1)', 'sv (1)', 'ee (2)', 'fi (3)', 'fr (3)', 'de (5)', 'gr (6)', 'gt (1)', 'hn (1)', 'hk (1)', 'hu (4)', 'is (2)', 'in (1)', 'id (1)', 'ie (1)', 'il (2)', 'it (1)', 'jp (1)', 'lv (5)', 'lt (2)', 'lu (5)', 'my (1)', 'mt (5)', 'mx (1)', 'nl (1)', 'nz (3)', 'ni (1)', 'no (4)', 'pa (1)', 'py (1)', 'pe (1)', 'ph (2)', 'pl (3)', 'pt (1)', 'ro (2)', 'sg (1)', 'sk (3)', 'es (1)', 'se (3)', 'ch (6)', 'tw (3)', 'tr (2)', 'uy (1)', 'vn (1)']"
"35","0VRj0yCOv2FXJNP47XQnx5","Quavo",5898377,79,"['atl hip hop', 'hip hop', 'melodic rap', 'pop rap', 'rap', 'southern hip hop', 'trap']","['us (13)', 'gb (2)', 'au (2)', 'at (1)', 'be (1)', 'bg (18)', 'ca (11)', 'cy (2)', 'cz (1)', 'dk (1)', 'ee (1)', 'fi (1)', 'fr (1)', 'de (1)', 'gr (8)', 'hk (1)', 'hu (1)', 'is (5)', 'ie (2)', 'il (2)', 'lv (2)', 'lt (2)', 'lu (7)', 'mt (1)', 'nl (1)', 'nz (2)', 'no (2)', 'pl (1)', 'pt (2)', 'ro (11)', 'sk (1)', 'za (1)', 'se (1)', 'ch (6)', 'tw (1)']"
"36","6l3HvQ5sa6mXTsMTB19rO5","J. Cole",17839233,85,"['conscious hip hop', 'hip hop', 'north carolina hip hop', 'rap']","['us (57)', 'gb (41)', 'au (42)', 'at (16)', 'be (30)', 'bg (40)', 'ca (52)', 'cr (7)', 'cy (33)', 'cz (7)', 'dk (28)', 'do (17)', 'eg (6)', 'sv (1)', 'ee (39)', 'fi (15)', 'fr (4)', 'de (13)', 'gr (39)', 'hn (2)', 'hk (9)', 'hu (19)', 'is (34)', 'in (1)', 'id (1)', 'ie (41)', 'il (25)', 'it (2)', 'jp (1)', 'lv (41)', 'lt (40)', 'lu (40)', 'my (10)', 'mt (23)', 'ma (11)', 'nl (32)', 'nz (45)', 'no (31)', 'pa (6)', 'ph (4)', 'pl (10)', 'pt (39)', 'ro (28)', 'sa (13)', 'sg (9)', 'sk (15)', 'za (19)', 'kr (11)', 'es (1)', 'se (22)', 'ch (35)', 'tw (6)', 'th (2)', 'tr (3)', 'ae (18)', 'vn (2)']"
"37","6icQOAFXDZKsumw3YXyusw","Lil Yachty",8294455,76,"['atl hip hop', 'hip hop', 'melodic rap', 'rap', 'trap', 'underground hip hop', 'viral rap']","['us (28)', 'gb (2)', 'au (1)', 'at (1)', 'be (3)', 'bg (10)', 'ca (14)', 'cy (2)', 'cz (1)', 'dk (1)', 'ee (3)', 'de (1)', 'gr (8)', 'hu (3)', 'is (11)', 'ie (1)', 'il (2)', 'lv (4)', 'lt (3)', 'lu (3)', 'mt (3)', 'nl (1)', 'nz (2)', 'no (2)', 'pl (1)', 'pt (2)', 'ro (7)', 'sa (1)', 'sk (2)', 'za (4)', 'se (2)', 'ch (3)', 'ae (1)']"
"38","1sBkRIssrMs1AbVkOJbc7a","Rick Ross",6220623,77,"['dirty south rap', 'gangster rap', 'hip hop', 'pop rap', 'rap', 'southern hip hop', 'trap']","['us (4)', 'gb (1)', 'au (1)', 'be (1)', 'bg (2)', 'ca (2)', 'cy (1)', 'ee (1)', 'gr (1)', 'ie (1)', 'lv (1)', 'lt (1)', 'lu (1)', 'mt (1)', 'ma (1)', 'nl (1)', 'nz (1)', 'no (1)', 'pt (1)', 'ro (1)', 'za (7)', 'ch (1)', 'ae (1)']"
"39","1SupJlEpv7RS2tPNRaHViT","Nicky Jam",17688765,82,"['latin hip hop', 'reggaeton', 'trap latino']","['us (4)', 'gb (2)', 'ar (25)', 'au (2)', 'at (5)', 'be (5)', 'bo (28)', 'br (4)', 'bg (6)', 'ca (3)', 'cl (30)', 'co (36)', 'cr (23)', 'cy (4)', 'cz (5)', 'dk (3)', 'do (30)', 'ec (29)', 'sv (27)', 'ee (6)', 'fi (4)', 'fr (4)', 'de (5)', 'gr (5)', 'gt (30)', 'hn (27)', 'hk (3)', 'hu (5)', 'is (3)', 'ie (2)', 'il (2)', 'it (12)', 'jp (1)', 'lv (5)', 'lt (6)', 'lu (8)', 'my (3)', 'mt (7)', 'mx (19)', 'nl (8)', 'nz (2)', 'ni (22)', 'no (3)', 'pa (30)', 'py (25)', 'pe (30)', 'ph (1)', 'pl (4)', 'pt (11)', 'ro (3)', 'sg (3)', 'sk (6)', 'es (28)', 'se (4)', 'ch (12)', 'tw (3)', 'th (1)', 'tr (2)', 'uy (27)', 'vn (1)', 'ad (3)']"
"40","3nFkdlSjzX9mRTtwJOzDYB","JAY-Z",7597737,83,"['east coast hip hop', 'hip hop', 'rap']","['us (19)', 'gb (8)', 'ar (1)', 'au (6)', 'at (3)', 'be (4)', 'bo (1)', 'bg (2)', 'ca (5)', 'cl (1)', 'co (2)', 'cr (1)', 'cy (1)', 'cz (2)', 'dk (3)', 'do (1)', 'sv (1)', 'ee (3)', 'fi (4)', 'fr (4)', 'de (3)', 'gr (3)', 'gt (2)', 'hk (2)', 'hu (2)', 'is (8)', 'id (1)', 'ie (5)', 'it (3)', 'lv (4)', 'lt (3)', 'lu (2)', 'my (2)', 'mt (2)', 'mx (1)', 'nl (2)', 'nz (4)', 'ni (1)', 'no (1)', 'pa (1)', 'pl (3)', 'pt (2)', 'sg (2)', 'sk (2)', 'se (2)', 'ch (7)', 'tw (2)', 'tr (3)']"
"41","1RyvyyTE3xzB2ZywiAwp0i","Future",12110689,88,"['atl hip hop', 'rap', 'southern hip hop', 'trap']","['us (158)', 'gb (21)', 'ar (2)', 'au (14)', 'at (11)', 'be (11)', 'bo (4)', 'br (3)', 'bg (44)', 'ca (83)', 'cl (1)', 'co (3)', 'cr (4)', 'cy (18)', 'cz (5)', 'dk (14)', 'do (5)', 'ec (1)', 'eg (3)', 'sv (4)', 'ee (14)', 'fi (11)', 'fr (4)', 'de (13)', 'gr (30)', 'gt (3)', 'hn (4)', 'hk (5)', 'hu (10)', 'is (48)', 'in (1)', 'id (4)', 'ie (11)', 'il (6)', 'it (5)', 'jp (2)', 'lv (17)', 'lt (18)', 'lu (34)', 'my (4)', 'mt (12)', 'mx (2)', 'ma (12)', 'nl (10)', 'nz (14)', 'ni (3)', 'no (14)', 'pa (4)', 'py (2)', 'ph (4)', 'pl (5)', 'pt (12)', 'ro (26)', 'ru (1)', 'sa (9)', 'sg (4)', 'sk (17)', 'za (28)', 'kr (1)', 'es (4)', 'se (11)', 'ch (28)', 'tw (4)', 'th (1)', 'tr (4)', 'ua (1)', 'ae (15)', 'uy (2)', 'vn (1)']"
"42","5me0Irg2ANcsgc93uaYrpb","The Notorious B.I.G.",8025041,77,"['east coast hip hop', 'gangster rap', 'hardcore hip hop', 'hip hop', 'rap']","['us (1)', 'gb (1)', 'au (2)', 'bg (1)', 'ca (2)', 'is (1)', 'ie (3)', 'nz (3)', 'ro (1)']"
"43","4LLpKhyESsyAXpc4laK94U","Mac Miller",7958058,83,"['hip hop', 'pittsburgh rap', 'rap']","['us (39)', 'gb (10)', 'au (14)', 'at (5)', 'be (8)', 'bo (1)', 'bg (6)', 'ca (28)', 'co (1)', 'cr (4)', 'cy (3)', 'cz (7)', 'dk (6)', 'do (1)', 'ec (1)', 'eg (1)', 'sv (1)', 'ee (19)', 'fi (3)', 'fr (2)', 'de (2)', 'gr (4)', 'gt (1)', 'hn (1)', 'hk (2)', 'hu (4)', 'is (6)', 'id (1)', 'ie (11)', 'il (6)', 'jp (1)', 'lv (21)', 'lt (19)', 'lu (8)', 'my (1)', 'mt (8)', 'mx (1)', 'ma (1)', 'nl (9)', 'nz (20)', 'no (7)', 'pa (2)', 'ph (1)', 'pl (4)', 'pt (14)', 'ro (3)', 'sa (1)', 'sg (1)', 'sk (8)', 'za (12)', 'se (3)', 'ch (7)', 'tw (4)', 'th (1)', 'ae (1)', 'vn (1)']"
"44","7jVv8c5Fj3E9VhNjxT4snq","Lil Nas X",11793779,81,"['lgbtq+ hip hop', 'pop']","['us (28)', 'gb (21)', 'ar (6)', 'au (21)', 'at (11)', 'be (17)', 'bo (6)', 'br (13)', 'bg (24)', 'ca (25)', 'cl (4)', 'co (5)', 'cr (7)', 'cy (17)', 'cz (12)', 'dk (17)', 'do (6)', 'ec (5)', 'eg (10)', 'sv (7)', 'ee (24)', 'fi (15)', 'fr (15)', 'de (11)', 'gr (16)', 'gt (7)', 'hn (7)', 'hk (12)', 'hu (18)', 'is (24)', 'in (10)', 'id (7)', 'ie (21)', 'il (14)', 'it (8)', 'jp (5)', 'lv (17)', 'lt (19)', 'lu (21)', 'my (11)', 'mt (8)', 'mx (5)', 'ma (12)', 'nl (11)', 'nz (20)', 'ni (6)', 'no (19)', 'pa (9)', 'py (6)', 'pe (4)', 'ph (11)', 'pl (9)', 'pt (22)', 'ro (19)', 'ru (5)', 'sa (15)', 'sg (12)', 'sk (16)', 'za (21)', 'kr (8)', 'es (6)', 'se (12)', 'ch (15)', 'tw (11)', 'th (10)', 'tr (5)', 'ua (5)', 'ae (18)', 'uy (5)', 'vn (10)']"
"45","7iZtZyCzp3LItcw1wtPI3D","Rae Sremmurd",6924845,72,"['hip hop', 'melodic rap', 'mississippi hip hop', 'pop rap', 'rap', 'southern hip hop', 'trap']","['us (17)', 'gb (5)', 'ar (1)', 'au (6)', 'at (5)', 'be (8)', 'bo (1)', 'br (1)', 'bg (13)', 'ca (13)', 'cl (1)', 'co (1)', 'cr (1)', 'cy (5)', 'cz (6)', 'dk (6)', 'do (2)', 'ec (1)', 'sv (1)', 'ee (8)', 'fi (4)', 'fr (2)', 'de (5)', 'gr (11)', 'gt (2)', 'hn (2)', 'hk (3)', 'hu (8)', 'is (13)', 'id (1)', 'ie (3)', 'il (2)', 'it (1)', 'lv (10)', 'lt (8)', 'lu (7)', 'my (3)', 'mt (8)', 'mx (1)', 'nl (4)', 'nz (7)', 'ni (1)', 'no (7)', 'pa (2)', 'py (1)', 'pe (1)', 'ph (3)', 'pl (6)', 'pt (6)', 'ro (4)', 'sg (5)', 'sk (8)', 'es (1)', 'se (4)', 'ch (9)', 'tw (4)', 'tr (1)', 'uy (1)']"
"46","23zg3TcAtWQy7J6upgbUnj","Usher",9973798,78,"['atl hip hop', 'contemporary r&b', 'dance pop', 'pop', 'r&b', 'south carolina hip hop', 'urban contemporary']","['us (5)', 'gb (3)', 'ar (1)', 'au (6)', 'at (1)', 'be (2)', 'bo (1)', 'br (1)', 'bg (1)', 'ca (4)', 'cl (1)', 'co (1)', 'cr (1)', 'cz (1)', 'dk (1)', 'do (1)', 'ec (1)', 'sv (1)', 'ee (1)', 'fi (1)', 'fr (2)', 'de (4)', 'gr (1)', 'gt (1)', 'hn (1)', 'hk (1)', 'hu (1)', 'is (1)', 'id (1)', 'ie (1)', 'it (1)', 'lv (1)', 'lt (1)', 'lu (1)', 'my (1)', 'mt (3)', 'mx (1)', 'nl (2)', 'nz (2)', 'no (2)', 'pa (1)', 'py (1)', 'pe (1)', 'ph (2)', 'pl (1)', 'pt (1)', 'sg (1)', 'sk (2)', 'es (1)', 'se (1)', 'ch (1)', 'tw (1)', 'tr (1)', 'uy (1)']"
"47","15UsOTVnJzReFVN1VCnxy4","XXXTENTACION",37935983,87,"['emo rap', 'miami hip hop']","['us (50)', 'gb (33)', 'ar (9)', 'au (41)', 'at (20)', 'be (35)', 'bo (10)', 'br (8)', 'bg (42)', 'ca (47)', 'cl (11)', 'co (8)', 'cr (14)', 'cy (34)', 'cz (24)', 'dk (33)', 'do (12)', 'ec (9)', 'eg (11)', 'sv (11)', 'ee (47)', 'fi (24)', 'fr (31)', 'de (18)', 'gr (40)', 'gt (10)', 'hn (12)', 'hk (10)', 'hu (36)', 'is (43)', 'in (5)', 'id (7)', 'ie (36)', 'il (21)', 'it (32)', 'jp (7)', 'lv (45)', 'lt (45)', 'lu (37)', 'my (13)', 'mt (31)', 'mx (7)', 'ma (5)', 'nl (24)', 'nz (43)', 'ni (8)', 'no (34)', 'pa (14)', 'py (10)', 'pe (7)', 'ph (6)', 'pl (14)', 'pt (38)', 'ro (45)', 'ru (3)', 'sa (13)', 'sg (11)', 'sk (38)', 'za (9)', 'es (11)', 'se (19)', 'ch (34)', 'tw (7)', 'th (8)', 'tr (13)', 'ua (4)', 'ae (16)', 'uy (8)', 'vn (9)']"
"48","2rhFzFmezpnW82MNqEKVry","Ski Mask The Slump God",5090541,75,"['miami hip hop', 'rap']","['us (13)', 'au (3)', 'bg (6)', 'ca (5)', 'cy (1)', 'ee (4)', 'fi (1)', 'gr (2)', 'is (3)', 'ie (1)', 'lv (3)', 'lt (2)', 'mt (1)', 'nz (3)', 'no (1)', 'ro (7)', 'ch (2)']"
"49","3AA28KZvwAUcZuOKwyblJQ","Gorillaz",9241116,80,"['alternative hip hop']","['us (8)', 'gb (15)', 'ar (3)', 'au (4)', 'at (4)', 'be (6)', 'bo (3)', 'br (1)', 'bg (14)', 'ca (5)', 'cl (1)', 'co (5)', 'cr (2)', 'cz (2)', 'dk (2)', 'ec (2)', 'sv (3)', 'ee (6)', 'fi (2)', 'gr (1)', 'gt (2)', 'hn (1)', 'hu (11)', 'is (8)', 'ie (14)', 'lv (8)', 'lt (21)', 'lu (1)', 'mt (4)', 'mx (5)', 'nl (1)', 'nz (4)', 'ni (2)', 'no (1)', 'py (5)', 'pl (11)', 'pt (4)', 'ro (1)', 'sk (6)', 'se (1)', 'ch (2)', 'tw (3)', 'uy (1)']"
"50","13ubrt8QOOCPljQ2FL1Kca","A$AP Rocky",11299781,81,"['east coast hip hop', 'hip hop', 'rap']","['us (43)', 'gb (16)', 'ar (1)', 'au (29)', 'at (6)', 'be (10)', 'br (2)', 'bg (20)', 'ca (40)', 'cl (1)', 'co (1)', 'cy (5)', 'cz (9)', 'dk (20)', 'ee (18)', 'fi (8)', 'fr (15)', 'de (19)', 'gr (13)', 'hk (2)', 'hu (8)', 'is (21)', 'ie (10)', 'il (3)', 'it (2)', 'lv (27)', 'lt (20)', 'lu (10)', 'my (2)', 'mt (3)', 'mx (1)', 'nl (7)', 'nz (35)', 'no (21)', 'ph (2)', 'pl (24)', 'pt (4)', 'ro (13)', 'ru (2)', 'sg (2)', 'sk (18)', 'za (2)', 'kr (1)', 'es (2)', 'se (8)', 'ch (33)', 'tw (2)', 'tr (2)', 'ua (3)', 'ae (1)']"
"51","47MpMsUfWtgyIIBEFOr4FE","Lunay",7253905,73,"['latin hip hop', 'latin pop', 'reggaeton', 'reggaeton flow', 'trap latino']","['us (2)', 'ar (11)', 'be (1)', 'bo (12)', 'ca (1)', 'cl (17)', 'co (11)', 'cr (9)', 'cy (1)', 'do (12)', 'ec (11)', 'sv (10)', 'gr (1)', 'gt (12)', 'hn (10)', 'hu (1)', 'it (2)', 'lt (1)', 'lu (2)', 'mt (4)', 'mx (6)', 'ma (1)', 'nl (1)', 'ni (9)', 'pa (15)', 'py (13)', 'pe (11)', 'pt (2)', 'ro (1)', 'es (16)', 'ch (2)', 'uy (15)']"
"52","1ZwdS5xdxEREPySFridCfh","2Pac",13505422,79,"['g funk', 'gangster rap', 'hip hop', 'rap', 'west coast rap']","['us (1)', 'gb (1)', 'au (2)', 'be (1)', 'bg (2)', 'ca (2)', 'cy (1)', 'is (2)', 'ie (3)', 'lt (1)', 'nl (1)', 'nz (2)', 'no (1)', 'ro (1)', 'sa (1)', 'ch (1)']"
"53","0QHgL1lAIqAw0HtD7YldmP","DJ Khaled",8319650,82,"['hip hop', 'miami hip hop', 'pop', 'pop rap', 'rap', 'southern hip hop', 'trap']","['us (43)', 'gb (23)', 'ar (3)', 'au (19)', 'at (12)', 'be (15)', 'bo (4)', 'br (5)', 'bg (19)', 'ca (44)', 'cl (3)', 'co (4)', 'cr (4)', 'cy (18)', 'cz (11)', 'dk (17)', 'do (7)', 'ec (4)', 'eg (4)', 'sv (4)', 'ee (14)', 'fi (12)', 'fr (8)', 'de (13)', 'gr (18)', 'gt (4)', 'hn (4)', 'hk (11)', 'hu (16)', 'is (21)', 'in (4)', 'id (6)', 'ie (13)', 'il (9)', 'it (5)', 'jp (4)', 'lv (15)', 'lt (15)', 'lu (21)', 'my (10)', 'mt (11)', 'mx (4)', 'ma (7)', 'nl (14)', 'nz (19)', 'ni (4)', 'no (16)', 'pa (5)', 'py (4)', 'pe (3)', 'ph (9)', 'pl (8)', 'pt (13)', 'ro (10)', 'ru (2)', 'sa (5)', 'sg (10)', 'sk (15)', 'za (29)', 'kr (4)', 'es (4)', 'se (16)', 'ch (22)', 'tw (14)', 'th (6)', 'tr (6)', 'ua (2)', 'ae (9)', 'uy (3)', 'vn (3)', 'ad (2)']"
"54","50co4Is1HCEo8bhOyUWKpn","Young Thug",7455539,84,"['atl hip hop', 'atl trap', 'gangster rap', 'hip hop', 'melodic rap', 'pop rap', 'rap', 'southern hip hop', 'trap']","['us (46)', 'gb (5)', 'au (7)', 'at (4)', 'be (5)', 'bg (12)', 'ca (30)', 'cr (1)', 'cy (6)', 'cz (3)', 'dk (5)', 'do (1)', 'eg (4)', 'ee (5)', 'fi (4)', 'fr (2)', 'de (4)', 'gr (12)', 'hk (2)', 'hu (6)', 'is (25)', 'id (1)', 'ie (4)', 'il (4)', 'it (1)', 'jp (1)', 'lv (7)', 'lt (7)', 'lu (8)', 'my (3)', 'mt (4)', 'ma (6)', 'nl (2)', 'nz (8)', 'no (7)', 'pa (1)', 'ph (2)', 'pl (2)', 'pt (4)', 'ro (9)', 'sa (6)', 'sg (2)', 'sk (6)', 'za (16)', 'kr (2)', 'se (2)', 'ch (7)', 'tw (2)', 'th (1)', 'tr (2)', 'ae (8)', 'vn (1)']"
"55","73sIBHcqh3Z3NyqHKZ7FOL","Childish Gambino",9784282,78,"['atl hip hop', 'hip hop', 'pop', 'rap']","['us (21)', 'gb (7)', 'ar (1)', 'au (17)', 'at (3)', 'be (4)', 'bo (2)', 'br (2)', 'bg (6)', 'ca (16)', 'cl (1)', 'co (3)', 'cr (2)', 'cy (4)', 'cz (4)', 'dk (4)', 'do (3)', 'ec (2)', 'sv (2)', 'ee (6)', 'fi (3)', 'fr (3)', 'de (3)', 'gr (4)', 'gt (2)', 'hn (3)', 'hk (4)', 'hu (4)', 'is (7)', 'id (3)', 'ie (6)', 'il (4)', 'it (3)', 'jp (2)', 'lv (7)', 'lt (7)', 'lu (4)', 'my (4)', 'mt (4)', 'mx (2)', 'ma (1)', 'nl (3)', 'nz (6)', 'ni (2)', 'no (4)', 'pa (3)', 'py (1)', 'pe (1)', 'ph (3)', 'pl (3)', 'pt (6)', 'ro (4)', 'sg (4)', 'sk (4)', 'za (1)', 'es (4)', 'se (3)', 'ch (4)', 'tw (4)', 'th (3)', 'tr (3)', 'ae (1)', 'uy (1)', 'vn (3)']"
"56","5LHRHt1k9lMyONurDHEdrp","Tyga",6638519,80,"['dance pop', 'hip hop', 'pop rap', 'rap', 'southern hip hop', 'trap']","['us (14)', 'gb (4)', 'ar (1)', 'au (11)', 'at (6)', 'be (3)', 'bo (2)', 'br (1)', 'bg (13)', 'ca (18)', 'cl (1)', 'co (2)', 'cr (3)', 'cy (10)', 'cz (3)', 'dk (9)', 'do (2)', 'ec (2)', 'eg (1)', 'sv (2)', 'ee (5)', 'fi (8)', 'fr (3)', 'de (13)', 'gr (9)', 'gt (2)', 'hn (2)', 'hk (3)', 'hu (8)', 'is (3)', 'id (1)', 'ie (3)', 'il (4)', 'it (2)', 'jp (1)', 'lv (6)', 'lt (6)', 'lu (9)', 'my (3)', 'mt (15)', 'mx (2)', 'ma (4)', 'nl (3)', 'nz (10)', 'ni (2)', 'no (10)', 'pa (2)', 'py (2)', 'pe (2)', 'ph (3)', 'pl (3)', 'pt (3)', 'ro (10)', 'ru (1)', 'sa (2)', 'sg (4)', 'sk (4)', 'za (6)', 'kr (1)', 'es (2)', 'se (3)', 'ch (12)', 'tw (3)', 'th (4)', 'tr (3)', 'ae (4)', 'uy (1)', 'vn (2)']"
"57","55Aa2cqylxrFIXC767Z865","Lil Wayne",12587804,85,"['hip hop', 'new orleans rap', 'pop rap', 'rap', 'trap']","['us (41)', 'gb (10)', 'ar (1)', 'au (9)', 'at (5)', 'be (8)', 'bo (1)', 'br (1)', 'bg (14)', 'ca (31)', 'cl (1)', 'co (1)', 'cr (3)', 'cy (9)', 'cz (4)', 'dk (8)', 'do (3)', 'ec (1)', 'eg (1)', 'sv (1)', 'ee (8)', 'fi (6)', 'fr (5)', 'de (5)', 'gr (11)', 'gt (1)', 'hn (2)', 'hk (5)', 'hu (5)', 'is (13)', 'id (1)', 'ie (9)', 'il (7)', 'it (3)', 'jp (1)', 'lv (9)', 'lt (8)', 'lu (9)', 'my (5)', 'mt (6)', 'mx (2)', 'ma (1)', 'nl (8)', 'nz (9)', 'ni (1)', 'no (9)', 'pa (3)', 'py (1)', 'pe (1)', 'ph (3)', 'pl (3)', 'pt (7)', 'ro (13)', 'sa (1)', 'sg (5)', 'sk (9)', 'za (1)', 'es (1)', 'se (6)', 'ch (8)', 'tw (3)', 'th (2)', 'tr (2)', 'ae (2)', 'uy (1)', 'vn (1)']"
"58","0Y5tJX1MQlPlqiwlOH1tJY","Travis Scott",20990560,87,"['hip hop', 'rap', 'slap house']","['us (36)', 'gb (26)', 'ar (5)', 'au (28)', 'at (26)', 'be (27)', 'bo (4)', 'br (8)', 'bg (29)', 'ca (35)', 'cl (5)', 'co (4)', 'cr (13)', 'cy (27)', 'cz (25)', 'dk (26)', 'do (8)', 'ec (4)', 'eg (12)', 'sv (6)', 'ee (28)', 'fi (25)', 'fr (26)', 'de (25)', 'gr (28)', 'gt (5)', 'hn (6)', 'hk (13)', 'hu (27)', 'is (28)', 'in (7)', 'id (4)', 'ie (26)', 'il (24)', 'it (22)', 'jp (5)', 'lv (28)', 'lt (28)', 'lu (27)', 'my (17)', 'mt (21)', 'mx (5)', 'ma (12)', 'nl (25)', 'nz (28)', 'ni (5)', 'no (26)', 'pa (12)', 'py (3)', 'pe (3)', 'ph (8)', 'pl (26)', 'pt (27)', 'ro (27)', 'ru (8)', 'sa (15)', 'sg (14)', 'sk (27)', 'za (12)', 'kr (3)', 'es (7)', 'se (25)', 'ch (28)', 'tw (10)', 'th (8)', 'tr (10)', 'ua (10)', 'ae (13)', 'uy (4)', 'vn (4)']"
"59","02kJSzxNuaWGqwubyUba0Z","G-Eazy",5094191,75,"['indie pop rap', 'oakland hip hop', 'pop', 'pop rap', 'rap']","['us (35)', 'gb (4)', 'ar (1)', 'au (8)', 'at (9)', 'be (6)', 'bo (3)', 'br (3)', 'bg (26)', 'ca (25)', 'cl (2)', 'co (4)', 'cr (4)', 'cy (10)', 'cz (7)', 'dk (5)', 'do (4)', 'ec (3)', 'sv (4)', 'ee (16)', 'fi (12)', 'fr (4)', 'de (8)', 'gr (18)', 'gt (4)', 'hn (4)', 'hk (7)', 'hu (25)', 'is (6)', 'id (6)', 'ie (6)', 'il (3)', 'it (4)', 'jp (3)', 'lv (14)', 'lt (16)', 'lu (13)', 'my (8)', 'mt (14)', 'mx (2)', 'nl (6)', 'nz (10)', 'ni (4)', 'no (17)', 'pa (4)', 'py (3)', 'pe (1)', 'ph (7)', 'pl (10)', 'pt (6)', 'ro (10)', 'sa (2)', 'sg (7)', 'sk (14)', 'za (5)', 'es (4)', 'se (6)', 'ch (16)', 'tw (8)', 'th (3)', 'tr (5)', 'ae (1)', 'uy (2)', 'vn (1)']"
"60","3E6xrwgnVfYCrCs0ePERDz","Wisin",8148576,77,"['latin hip hop', 'reggaeton', 'trap latino']","['us (2)', 'ar (18)', 'bo (21)', 'bg (1)', 'ca (1)', 'cl (26)', 'co (16)', 'cr (14)', 'do (16)', 'ec (20)', 'sv (17)', 'fr (1)', 'gr (1)', 'gt (21)', 'hn (18)', 'hu (1)', 'it (1)', 'jp (1)', 'lu (1)', 'mt (3)', 'mx (11)', 'nl (1)', 'ni (11)', 'pa (19)', 'py (21)', 'pe (18)', 'pt (2)', 'es (22)', 'ch (2)', 'uy (21)', 'ad (2)']"
"61","3TVXtAsR1Inumwj472S9r4","Drake",66852536,95,"['canadian hip hop', 'canadian pop', 'hip hop', 'rap', 'toronto rap']","['us (190)', 'gb (163)', 'ar (18)', 'au (148)', 'at (97)', 'be (99)', 'bo (22)', 'br (31)', 'bg (125)', 'ca (179)', 'cl (20)', 'co (24)', 'cr (52)', 'cy (105)', 'cz (55)', 'dk (132)', 'do (116)', 'ec (17)', 'eg (37)', 'sv (26)', 'ee (115)', 'fi (59)', 'fr (106)', 'de (111)', 'gr (122)', 'gt (25)', 'hn (60)', 'hk (59)', 'hu (76)', 'is (154)', 'in (11)', 'id (26)', 'ie (140)', 'il (60)', 'it (63)', 'jp (15)', 'lv (111)', 'lt (113)', 'lu (117)', 'my (58)', 'mt (80)', 'mx (22)', 'ma (53)', 'nl (137)', 'nz (145)', 'ni (27)', 'no (94)', 'pa (82)', 'py (19)', 'pe (17)', 'ph (40)', 'pl (57)', 'pt (130)', 'ro (72)', 'ru (13)', 'sa (39)', 'sg (65)', 'sk (93)', 'za (73)', 'kr (30)', 'es (31)', 'se (93)', 'ch (138)', 'tw (38)', 'th (19)', 'tr (32)', 'ua (13)', 'ae (59)', 'uy (19)', 'vn (17)', 'ad (1)']"
"62","6DPYiyq5kWVQS4RGwxzPC7","Dr. Dre",7932231,79,"['g funk', 'gangster rap', 'hip hop', 'rap', 'west coast rap']","['us (5)', 'gb (3)', 'au (3)', 'at (3)', 'be (2)', 'bg (3)', 'ca (4)', 'co (1)', 'cr (1)', 'cy (2)', 'cz (1)', 'dk (2)', 'sv (1)', 'ee (2)', 'fi (3)', 'fr (2)', 'de (3)', 'gr (1)', 'gt (1)', 'hn (1)', 'hu (2)', 'is (2)', 'ie (2)', 'il (1)', 'it (1)', 'lv (1)', 'lt (1)', 'lu (3)', 'mx (1)', 'ma (1)', 'nl (1)', 'nz (4)', 'ni (2)', 'no (2)', 'pa (1)', 'pt (1)', 'ro (3)', 'sa (3)', 'sg (1)', 'sk (2)', 'za (2)', 'se (2)', 'ch (3)', 'tr (1)', 'ae (2)']"
"63","7hJcb9fa4alzcOq3EaNPoG","Snoop Dogg",8686870,84,"['g funk', 'gangster rap', 'hip hop', 'pop rap', 'rap', 'west coast rap']","['us (4)', 'gb (2)', 'at (1)', 'be (2)', 'br (2)', 'bg (1)', 'ca (4)', 'cl (1)', 'co (1)', 'cr (1)', 'cz (1)', 'dk (3)', 'ec (1)', 'sv (1)', 'ee (1)', 'fr (4)', 'de (1)', 'gr (1)', 'hk (1)', 'hu (1)', 'it (2)', 'lv (1)', 'lt (1)', 'my (2)', 'mt (1)', 'mx (1)', 'nl (3)', 'nz (1)', 'ni (1)', 'py (1)', 'pe (1)', 'ph (2)', 'pl (2)', 'pt (1)', 'ro (1)', 'sg (1)', 'sk (1)', 'kr (1)', 'se (3)', 'ch (2)', 'tw (1)', 'tr (1)']"
