"","spotify_id","name","followers","genres"
"1","6M2wZ9GZgrQXHCFfjv46we","Dua Lipa",36163788,"['dance pop', 'pop', 'uk pop']"
"2","5Matrg5du62bXwer29cU5T","Benny The Butcher",266547,"['boom bap', 'buffalo hip hop', 'hip hop', 'rap', 'upstate ny rap']"
"3","15tTVhFpH8EFXeDgO9xkRO","Trey Lewis",78275,"['contemporary country', 'country pop']"
"4","4N874uPqBka1QiCvnCVOtr","Phoebe Ryan",339160,"['alt z', 'electropop', 'indie electropop', 'indie poptimism', 'uk pop']"
"5","2l35CQqtYRh3d8ZIiBep4v","MKTO",995449,"['dance pop', 'pop', 'pop rap', 'pop rock', 'post-teen pop', 'uk pop']"
"6","23fqKkggKUBHNkbKtXEls4","Kygo",8134874,"['edm', 'pop', 'pop dance', 'tropical house']"
"7","1WgXqy2Dd70QQOU7Ay074N","AURORA",2426951,"['art pop', 'norwegian pop']"
"8","4YXycRbyyAE0wozTk7QMEq","Matoma",706492,"['dance pop', 'edm', 'electro house', 'electropop', 'norwegian pop', 'pop', 'pop dance', 'pop edm', 'tropical house', 'uk pop']"
"9","360IAlyVv4PCEVjgyMZrxK","Miguel",4195623,"['dance pop', 'pop', 'r&b', 'urban contemporary']"
"10","2vm8GdHyrJh2O2MfbQFYG0","Ingrid Michaelson",780402,"['acoustic pop', 'ectofolk', 'lilith', 'neo mellow', 'pop rock']"
"11","0NIIxcxNHmOoyBx03SfTCD","Tinashe",2440457,"['alternative r&b', 'dance pop', 'electropop', 'metropopolis', 'pop', 'post-teen pop', 'r&b', 'rap', 'uk pop', 'urban contemporary']"
"12","1XLjkBxFokuDTlHt0mQkRe","Thomas Gold",163074,"['big room', 'edm', 'electro house', 'funky tech house', 'german techno', 'pop dance', 'pop edm', 'progressive electro house', 'progressive house']"
"13","4kYSro6naA4h99UJvo89HB","Cardi B",20361435,"['dance pop', 'pop', 'rap']"
"14","5lXfVoQxVgC5fpjkVqvNYn","Isaiah Firebrace",52781,"['australian pop', 'australian talent show']"
"15","2GHclqNVjqGuiE5mA7BEoc","Common",833451,"['alternative hip hop', 'chicago rap', 'conscious hip hop', 'gangster rap', 'hip hop', 'neo soul', 'political hip hop', 'rap']"
"16","7DMveApC7UnC2NPfPvlHSU","Cheat Codes",2087675,"['dance pop', 'edm', 'electro house', 'electropop', 'pop', 'pop dance', 'tropical house', 'uk pop']"
"17","5f7VJjfbwm532GiveGC0ZK","Lil Baby",11530234,"['atl hip hop', 'atl trap', 'rap', 'trap']"
"18","4nDoRrQiYLoBzwC5BhVJzF","Camila Cabello",27956268,"['dance pop', 'pop', 'post-teen pop', 'uk pop']"
"19","5EvFsr3kj42KNv97ZEnqij","Shaggy",1795159,"['dance pop', 'pop rap', 'reggae fusion']"
"20","6ghiFYcwn2Vzl6K50U0UPz","Michael Ray",430842,"['contemporary country', 'country', 'country pop', 'country road', 'modern country rock']"
"21","6y5amJcTjeDgLXIjtQLMst","SAYGRACE",173252,"['dance pop', 'pop', 'r&b']"
"22","1xr2G8Hlx4QWmT9HaUbmoO","Young Stoner Life",90775,"['hip hop', 'rap', 'southern hip hop', 'trap']"
"23","4KJ6jujcNPzOyhdNoiNftp","lovelytheband",360970,"['indie poptimism', 'modern alternative rock', 'modern rock']"
"24","2h93pZq0e7k5yf4dywlkpM","Frank Ocean",9951370,"['hip hop', 'lgbtq+ hip hop', 'neo soul', 'pop']"
"25","0AsThoR4KZSVktALiNcQwW","Chloe x Halle",1857184,"['alternative r&b', 'dance pop', 'pop', 'post-teen pop', 'r&b', 'rap', 'urban contemporary']"
"26","6vWDO969PvNqNYHIOW5v0m","Beyoncé",32087569,"['dance pop', 'pop', 'r&b']"
"27","3KNIG74xSTc3dj0TRy7pGX","BLEU",1159612,"['alabama rap', 'pop rap', 'r&b', 'rap', 'trap']"
"28","0huGjMyP507tBCARyzSkrv","Cordae",1803987,"['dmv rap', 'hip hop', 'rap', 'trap', 'underground hip hop']"
"29","3Mcii5XWf6E0lrY3Uky4cA","Ice Cube",6028684,"['conscious hip hop', 'g funk', 'gangster rap', 'hip hop', 'rap', 'west coast rap']"
"30","45gHcnDnMC15sgx3VL7ROG","42 Dugg",710893,"['detroit trap', 'rap', 'southern hip hop', 'trap']"
"31","5CCwRZC6euC8Odo6y9X8jr","Rita Ora",7592797,"['dance pop', 'edm', 'electropop', 'pop', 'pop rap', 'post-teen pop', 'tropical house', 'uk pop']"
"32","4xnihxcoXWK3UqryOSnbw5","Sasha Alex Sloan",1174594,"['alt z', 'electropop', 'pop']"
"33","5wPoxI5si3eJsYYwyXV4Wi","N.E.R.D",761535,"['hip hop', 'virginia hip hop']"
"34","0hCNtLu0JehylgoiP8L4Gh","Nicki Minaj",26039960,"['dance pop', 'hip pop', 'pop', 'queens hip hop', 'rap']"
"35","1GDbiv3spRmZ1XdM1jQbT7","Natti Natasha",8355571,"['latin pop', 'rap latina', 'reggaeton', 'trap latino']"
"36","3IaKn0ExWTMPqa0mscUYw3","Only The Family",272267,"['chicago rap', 'rap', 'southern hip hop', 'trap']"
"37","6U3ybJ9UHNKEdsH7ktGBZ7","JID",987676,"['hip hop', 'rap']"
"38","1vSN1fsvrzpbttOYGsliDr","Tori Kelly",2052997,"['dance pop']"
"39","6UBA15slIuadJ8h2lPRPos","Tech N9ne",2523206,"['hip hop', 'kansas city hip hop', 'pop rap', 'southern hip hop']"
"40","64M6ah0SkkRsnPGtGiRAbb","Bebe Rexha",7531004,"['dance pop', 'electropop', 'pop', 'post-teen pop', 'uk pop']"
"41","4BzCdhJTyTS3gumq9xmymb","ayokay",158827,"['electropop', 'indie poptimism', 'pop', 'pop dance', 'pop edm', 'tropical house']"
"42","4QVBYiagIaa6ZGSPMbybpy","Pedro Capó",1525705,"['latin pop', 'puerto rican pop']"
"43","4xRYI6VqpkE3UwrDrAZL8L","Logic",5783112,"['conscious hip hop', 'dmv rap', 'hip hop', 'pop rap', 'rap']"
"44","5gCRApTajqwbnHHPbr2Fpi","Juicy J",2891371,"['crunk', 'dirty south rap', 'gangster rap', 'hip hop', 'memphis hip hop', 'pop rap', 'rap', 'southern hip hop', 'trap']"
"45","2txHhyCwHjUEpJjWrEyqyX","Tom Odell",2371386,"['chill pop', 'pop']"
"46","0p4nmQO2msCgU4IF37Wi3j","Avril Lavigne",9097882,"['canadian pop', 'candy pop', 'dance pop', 'pop', 'post-teen pop']"
"47","4gOc8TsQed9eqnqJct2c5v","K/DA",1616999,"['k-pop girl group']"
"48","2gBjLmx6zQnFGQJCAQpRgw","Nelly",2229377,"['dance pop', 'gangster rap', 'hip hop', 'pop rap', 'southern hip hop', 'st louis rap', 'urban contemporary']"
"49","3EW0kQ1skZiK1NHg3Spt9J","Takeoff",1261393,"['atl hip hop', 'rap', 'southern hip hop', 'trap']"
"50","3EY5DxGdy7x4GelivOjS2Q","Connie Francis",357577,"['adult standards', 'brill building pop', 'lounge', 'rock-and-roll', 'rockabilly']"
"51","3eVa5w3URK5duf6eyVDbu9","ROSÉ",3244912,"['k-pop']"
"52","01QTIT5P1pFP3QnnFSdsJf","Lupe Fiasco",1782190,"['chicago rap', 'conscious hip hop', 'hip hop', 'political hip hop', 'pop rap', 'rap', 'southern hip hop']"
"53","1yxSLGMDHlW21z4YXirZDS","Black Eyed Peas",6881366,"['dance pop', 'pop', 'pop rap']"
"54","2XzXLjXRSeFtsic4ieyLJy","Wilbur Soot",1604832,"['dream smp', 'indie pop']"
"55","4VMYDCV2IEDYJArk749S6m","Daddy Yankee",29446452,"['latin hip hop', 'reggaeton', 'trap latino']"
"56","3oDbviiivRWhXwIE8hxkVV","The Beach Boys",3805849,"['baroque pop', 'brill building pop', 'classic rock', 'psychedelic rock', 'rock', 'sunshine pop']"
"57","0ErzCpIMyLcjPiwT4elrtZ","NLE Choppa",5066308,"['memphis hip hop']"
"58","2zJ8chFLjiBHRNchfevMRI","SNBRN",100622,"['bass house', 'edm', 'electro house', 'house', 'pop dance', 'pop edm', 'tropical house']"
"59","5lKZWd6HiSCLfnDGrq9RAm","Leona Lewis",3381275,"['british soul', 'dance pop', 'europop', 'neo mellow', 'pop', 'post-teen pop', 'talent show', 'uk pop']"
"60","3lPQ2Fk5JOwGWAF3ORFCqH","John Mellencamp",1393034,"['album rock', 'classic rock', 'country rock', 'folk rock', 'heartland rock', 'mellow gold', 'pop rock', 'rock', 'singer-songwriter', 'soft rock']"
"61","3ScY9CQxNLQei8Umvpx5g6","Fat Joe",1408217,"['bronx hip hop', 'dance pop', 'east coast hip hop', 'gangster rap', 'hardcore hip hop', 'hip hop', 'hip pop', 'pop rap', 'rap', 'trap']"
"62","6g8AmloI8egfrr3dm3SnUL","TWENTY88",472154,"['pop r&b', 'r&b']"
"63","7dWYWUbO68rXJOcyA7SpJk","Fort Minor",555574,"['pop rap', 'rap rock']"
"64","7qG3b048QCHVRO5Pv1T5lw","Enrique Iglesias",10899955,"['latin pop', 'mexican pop']"
"65","6QrQ7OrISRYIfS5mtacaw2","Jaymes Young",818554,"['modern rock', 'pop', 'uk pop']"
"66","1KP6TWI40m7p3QBTU6u2xo","BØRNS",1093578,"['modern rock', 'pop']"
"67","4Rxn7Im3LGfyRkY2FlHhWi","Nick Jonas",8312684,"['dance pop', 'pop', 'post-teen pop', 'uk pop']"
"68","7lDVEkjIURPMyUYwoQRrpw","Ryan Hurd",201785,"['contemporary country', 'country', 'country pop', 'country road']"
"69","0WK3H9OErSn5zKOkOV5egm","DDG",793852,"['pop rap', 'rap', 'trap', 'viral rap']"
"70","1gPhS1zisyXr5dHTYZyiMe","Kevin Gates",5326006,"['baton rouge rap', 'pop rap', 'rap', 'southern hip hop', 'trap']"
"71","1ShZZUjkbXCjhwrb18BA8I","Bryce Vine",464953,"['electropop', 'pop', 'pop rap']"
"72","2LZDXcxJWgsJfKXZv9a5eG","Cashmere Cat",318482,"['dance pop', 'downtempo', 'pop', 'post-teen pop', 'shiver pop']"
"73","04gDigrS5kc9YWfZHwBETP","Maroon 5",37808723,"['pop']"
"74","4npEfmQ6YuiwW1GpUmaq3F","Ava Max",5630195,"['dance pop', 'pop']"
"75","10exVja0key0uqUkk6LJRT","Vance Joy",2665962,"['folk-pop', 'pop']"
"76","188VINPQh5dyNfLUkevKqf","Olivia Holt",1043423,"['alt z', 'dance pop', 'pop', 'post-teen pop', 'social media pop']"
"77","0GM7qgcRCORpGnfcN2tCiB","Tainy",1021679,"['latin hip hop', 'latin pop', 'pop reggaeton', 'reggaeton', 'trap latino']"
"78","31TPClRtHm23RisEBtV3X7","Justin Timberlake",12170249,"['dance pop', 'pop']"
"79","3Yl4nkmEa8BSuGWbwhdLDq","G.R.L.",351215,"['dance pop', 'girl group', 'post-teen pop']"
"80","3tJoFztHeIJkJWMrx0td2f","Moneybagg Yo",3141656,"['hip hop', 'memphis hip hop', 'rap', 'southern hip hop', 'tennessee hip hop', 'trap']"
"81","053q0ukIDRgzwTr4vNSwab","Grimes",1738631,"['art pop', 'canadian electropop', 'dance pop', 'grave wave', 'indietronica', 'metropopolis', 'pop']"
"82","6oMuImdp5ZcFhWP0ESe6mG","Migos",12531248,"['atl hip hop', 'hip hop', 'pop rap', 'rap', 'trap']"
"83","0ONHkAv9pCAFxb0zJwDNTy","Pusha T",2551259,"['hip hop', 'pop rap', 'rap', 'southern hip hop', 'trap', 'virginia hip hop']"
"84","699OTQXzgjhIYAHMy9RyPD","Playboi Carti",6914690,"['atl hip hop', 'plugg', 'pluggnb', 'rap']"
"85","65OtBLtkrifQrdTlKI90IR","Elijah Blake",215386,"['pop r&b', 'r&b', 'trap soul']"
"86","21LGsW7bziR4Ledx7WZ1Wf","Johnny Mathis",342429,"['adult standards', 'brill building pop', 'easy listening', 'lounge', 'vocal jazz']"
"87","7nDsS0l5ZAzMedVRKPP8F1","Ella Henderson",1431443,"['dance pop', 'neo mellow', 'pop', 'pop dance', 'talent show', 'tropical house', 'uk pop']"
"88","5AtWO8IEnjhRLzaVVQxFUs","SoMo",682315,"['dance pop', 'post-teen pop', 'r&b']"
"89","0YinUQ50QDB7ZxSCLyQ40k","Mustard",992953,"['cali rap', 'hip hop', 'pop', 'pop rap', 'rap', 'southern hip hop', 'trap']"
"90","3BmGtnKgCSGYIUhmivXKWX","Kelly Clarkson",9120840,"['dance pop', 'neo mellow', 'pop', 'post-teen pop', 'talent show', 'uk pop']"
"91","7FBcuc1gsnv6Y1nwFtNRCb","My Chemical Romance",7046498,"['emo', 'pop punk']"
"92","12j6dJrPXanCBwY599pZxf","Matt Maltese",251730,"['dream smp', 'indie anthem-folk', 'indie pop', 'modern rock', 'pop']"
"93","0tmwSHipWxN12fsoLcFU3B","Manuel Turizo",10307598,"['colombian pop', 'latin pop', 'reggaeton', 'reggaeton colombiano', 'trap latino']"
"94","1PbBg2aYjWLKRk84zJK15x","Echosmith",586365,"['indie poptimism']"
"95","6cK3NBO6uP7hh0oyuVELFl","Saweetie",1658482,"['cali rap', 'dance pop', 'pop', 'rap', 'trap queen']"
"96","521qvhdobR0GzhvU6TFw76","Tritonal",220430,"['edm', 'electro house', 'melodic dubstep', 'pop dance', 'pop edm', 'progressive electro house', 'progressive house', 'progressive trance', 'trance', 'tropical house', 'uplifting trance']"
"97","3KwmxIhSe9UTSEF37kwngR","SHAED",154146,"['electropop', 'pop']"
"98","4RVnAU35WRWra6OZ3CbbMA","Kylie Minogue",1543092,"['australian dance', 'australian pop', 'dance pop', 'electropop', 'eurodance', 'europop', 'new wave pop', 'pop', 'uk pop']"
"99","4Ui2kfOqGujY81UcPrb5KE","HAIM",1210287,"['art pop', 'metropopolis']"
"100","2kRfqPViCqYdSGhYSM9R0Q","Madison Beer",5408447,"['alt z', 'dance pop', 'electropop', 'pop', 'post-teen pop', 'uk pop']"
"101","7gOdHgIoIKoe4i9Tta6qdD","Jonas Brothers",6486402,"['boy band', 'dance pop', 'pop', 'post-teen pop', 'uk pop']"
"102","3PyJHH2wyfQK3WZrk9rpmP","Ashnikko",1768694,"['electropop', 'escape room', 'pop']"
"103","0xRXCcSX89eobfrshSVdyu","MEDUZA",551577,"['edm', 'pop', 'pop dance', 'pop house', 'tropical house']"
"104","2cFrymmkijnjDg9SS92EPM","blackbear",4772667,"['electropop', 'pop', 'pop rap']"
"105","6h2J3dxLnTyURwIUBumKog","Rich Gang",873229,"['pop rap', 'rap', 'southern hip hop', 'trap']"
"106","391oLRVmoTkumiN79HkTWu","Darlene Love",45714,"['brill building pop']"
"107","34bhyY8jfKez7uKakMfy4y","Maddie & Tae",963576,"['contemporary country', 'country', 'country road', 'pop']"
"108","2VAnyOxzJuSAj7XIuEOT38","AlunaGeorge",428270,"['electropop', 'house', 'tropical house']"
"109","2KsP6tYLJlTBvSUxnwlVWa","Mike Posner",1290907,"['dance pop', 'edm', 'pop', 'pop rap']"
"110","1G9G7WwrXka3Z1r7aIDjI7","Outkast",2035367,"['atl hip hop', 'dirty south rap', 'hip hop', 'old school atlanta hip hop', 'pop rap', 'rap', 'southern hip hop']"
"111","2vnB6tuQMaQpORiRdvXF9H","Beach Bunny",1003900,"['bubblegrunge', 'chicago indie', 'indie pop', 'indie rock']"
"112","0jnsk9HBra6NMjO2oANoPY","Flo Rida",8645421,"['dance pop', 'miami hip hop', 'pop', 'pop rap']"
"113","1moxjboGR7GNWYIMWsRjgG","Florence + The Machine",6017975,"['baroque pop', 'pop', 'uk alternative pop']"
"114","3Fdm9TFJQCLmC3AWMuGExi","Ugly God",2038114,"['meme rap', 'rap', 'trap', 'underground hip hop', 'vapor trap', 'viral rap']"
"115","0SfsnGyD8FpIN4U4WCkBZ5","Armin van Buuren",4094260,"['dutch trance', 'edm', 'pop dance', 'progressive house', 'trance']"
"116","5Pwc4xIPtQLFEnJriah9YJ","OneRepublic",14155283,"['piano rock', 'pop', 'pop rock']"
"117","0fA0VVWsXO9YnASrzqfmYu","Kid Cudi",6000043,"['hip hop', 'ohio hip hop', 'rap']"
"118","46GXASE9LHzyssNqKOInUu","Dawin",222185,"['nyc pop']"
"119","0kkxsdcaWmWU2yWAqclDh4","Rixton",725878,"['australian pop', 'dance pop', 'pop', 'pop rock', 'post-teen pop', 'uk pop']"
"120","7FBDXY8U17aasVTH3rgxbS","Bankroll Fresh",541239,"['atl hip hop', 'atl trap', 'dirty south rap', 'gangster rap', 'houston rap', 'rap', 'southern hip hop', 'trap']"
"121","2EMAnMvWE2eb56ToJVfCWs","Bryson Tiller",5942355,"['kentucky hip hop', 'pop', 'r&b', 'rap', 'trap']"
"122","4AK6F7OLvEQ5QYCBNiQWHq","One Direction",27287402,"['boy band', 'pop', 'post-teen pop', 'talent show']"
"123","0uGk2czvcpWQA383Im6ajf","Maggie Lindemann",1815243,"['alt z', 'dark pop', 'pop', 'post-teen pop']"
"124","5ZsFI1h6hIdQRw2ti0hz81","ZAYN",21261196,"['dance pop', 'pop', 'post-teen pop', 'uk pop']"
"125","3YcBF2ttyueytpXtEzn1Za","Incubus",2941817,"['alternative metal', 'alternative rock', 'funk metal', 'funk rock', 'nu metal', 'pop rock', 'post-grunge', 'rock']"
"126","2oX42qP5ineK3hrhBECLmj","Andy Grammer",1089922,"['dance pop', 'neo mellow', 'pop', 'pop rap', 'pop rock']"
"127","0f5nVCcR06GX8Qikz0COtT","Omarion",2549587,"['dance pop', 'hip pop', 'pop r&b', 'r&b', 'southern hip hop', 'urban contemporary']"
"128","5ZS223C6JyBfXasXxrRqOk","Jhené Aiko",5804969,"['pop', 'r&b', 'urban contemporary']"
"129","63yrD80RY3RNEM2YDpUpO8","Melanie Martinez",14998569,"['alt z', 'electropop', 'pop']"
"130","2qxJFvFYMEDqd7ui6kSAcq","Zedd",5803650,"['complextro', 'dance pop', 'edm', 'electro house', 'electropop', 'german techno', 'pop', 'pop dance', 'pop rap', 'tropical house', 'uk pop']"
"131","4l1cKWYW591xnwEGxpUg3J","Miike Snow",612412,"['alternative dance', 'electropop', 'indie rock', 'indietronica', 'modern rock', 'new rave', 'swedish electropop', 'swedish indie pop', 'swedish synthpop']"
"132","4EnEZVjo3w1cwcQYePccay","N.W.A.",4406958,"['conscious hip hop', 'gangster rap', 'golden age hip hop', 'hardcore hip hop', 'hip hop', 'old school hip hop', 'rap', 'west coast rap']"
"133","3MHaV05u0io8fQbZ2XPtlC","Prince Royce",7222786,"['bachata', 'latin hip hop', 'latin pop']"
"134","6LqNN22kT3074XbTVUrhzX","Kesha",7422116,"['dance pop', 'pop', 'post-teen pop', 'uk pop']"
"135","0H39MdGGX6dbnnQPt6NQkZ","SAINt JHN",877621,"['melodic rap', 'pop rap', 'rap', 'slap house']"
"136","4TEJudQY2pXxVHPE3gD2EU","BlocBoy JB",1380403,"['memphis hip hop', 'rap', 'southern hip hop', 'tennessee hip hop', 'trap', 'vapor trap', 'viral rap']"
"137","2MuFzH1J5I6gGFYo2qhZmX","Ryn Weaver",218572,"['electropop', 'indie pop', 'indie poptimism']"
"138","7pwufEBGfggjoI8twqlsmQ","Nessa Barrett",821246,"['alt z', 'electropop', 'pop', 'social media pop']"
"139","1qto4hHid1P71emI6Fd8xi","Aventura",6383626,"['bachata', 'bachata dominicana', 'latin hip hop', 'latin pop', 'trap latino', 'tropical']"
"140","5R3Hr2cnCCjt220Jmt2xLf","Dillon Francis",1102116,"['brostep', 'dance pop', 'edm', 'electro house', 'electronic trap', 'electropop', 'house', 'moombahton', 'pop', 'pop dance', 'slap house', 'tropical house']"
"141","5SyGEPymt1G2uto47tVWvZ","MadeinTYO",1008764,"['atl hip hop', 'hip hop', 'melodic rap', 'rap', 'southern hip hop', 'trap', 'underground hip hop', 'vapor trap', 'viral rap']"
"142","4yBK75WVCQXej1p04GWqxH","Jeezy",2206605,"['atl hip hop', 'crunk', 'dirty south rap', 'gangster rap', 'hip hop', 'old school atlanta hip hop', 'pop rap', 'rap', 'southern hip hop', 'trap']"
"143","3CjlHNtplJyTf9npxaPl5w","CHVRCHES",1314107,"['electropop', 'metropopolis', 'neo-synthpop', 'shimmer pop']"
"144","0Cp8WN4V8Tu4QJQwCN5Md4","BENEE",716796,"['alt z', 'nz pop', 'pop']"
"145","46pWGuE3dSwY3bMMXGBvVS","Rema",1108392,"['nigerian pop']"
"146","1l8Fu6IkuTP0U5QetQJ5Xt","Fifth Harmony",14789933,"['dance pop', 'girl group', 'pop', 'post-teen pop', 'talent show', 'uk pop']"
"147","33tFkBLsl6f8TjKkV0uF0C","Lovejoy",1165529,"['dream smp', 'indie pop']"
"148","25u4wHJWxCA9vO0CzxAbK7","Lukas Graham",1966327,"['danish pop', 'pop', 'scandipop']"
"149","6aZyMrc4doVtZyKNilOmwu","Colbie Caillat",2389354,"['dance pop', 'neo mellow', 'pop', 'pop rock']"
"150","5Rl15oVamLq7FbSb0NNBNy","5 Seconds of Summer",8814633,"['boy band', 'dance pop', 'pop', 'post-teen pop', 'uk pop']"
"151","5338fdSzGNOFD4cxAxDTeq","Aaron Carter",277963,"['europop', 'post-teen pop']"
"152","3jAZsSIIA8HLjxR99biJyx","Cico P",20379,"['pop rap']"
"153","2JLqTvFXmC87BksiCsBezV","Matt Terry",125121,"['talent show', 'uk pop']"
"154","66W9LaWS0DPdL7Sz8iYGYe","JP Saxe",369684,"['alt z', 'canadian contemporary r&b', 'neo mellow', 'pop', 'uk pop']"
"155","1YfEcTuGvBQ8xSD1f53UnK","Busta Rhymes",2184776,"['east coast hip hop', 'hardcore hip hop', 'hip hop', 'hip pop', 'pop rap', 'rap']"
"156","7c0XG5cIJTrrAgEC3ULPiq","Ty Dolla $ign",4339428,"['dance pop', 'hip hop', 'pop', 'pop rap', 'r&b', 'southern hip hop', 'trap', 'trap soul', 'urban contemporary']"
"157","7Lk9V7E1u5gqSHmtcKlOqH","Sara Kays",335778,"['alt z', 'gen z singer-songwriter', 'indie pop', 'modern indie pop', 'pop']"
"158","79AyR6ATpj2LTPxfb6FX50","Lauren Spencer Smith",791137,"['gen z singer-songwriter', 'pop', 'uk pop']"
"159","6sFIWsNpZYqfjUpaCgueju","Carly Rae Jepsen",5136375,"['canadian pop', 'dance pop', 'electropop', 'pop', 'post-teen pop', 'uk pop']"
"160","32WkQRZEVKSzVAAYqukAEA","Lady A",3615627,"['contemporary country', 'country', 'country dawn', 'country pop', 'country road', 'neo mellow', 'pop']"
"161","6TIYQ3jFPwQSRmorSezPxX","Machine Gun Kelly",4776291,"['ohio hip hop']"
"162","6aaMZ3fcfLv4tEbmY7bjRM","Isaiah Rashad",1185361,"['hip hop', 'rap', 'tennessee hip hop', 'underground hip hop']"
"163","0iEtIxbK0KxaSlF7G42ZOp","Metro Boomin",3030563,"['hip hop', 'rap', 'southern hip hop', 'trap']"
"164","3l0CmX0FuQjFxr8SK7Vqag","Clairo",3467574,"['bedroom pop', 'indie pop', 'pop']"
"165","1cZQSpDsxgKIX2yW5OR9Ot","Lennon Stella",349765,"['alt z', 'canadian pop', 'electropop', 'pop', 'post-teen pop', 'uk pop']"
"166","4jCIAMb0zEArF3GYEYzoDk","Joy Again",195002,"['indie garage rock', 'indie pop']"
"167","7EQ0qTo7fWT7DPxmxtSYEc","Bastille",5121783,"['metropopolis', 'modern rock', 'pop', 'pop rock']"
"168","68kEuyFKyqrdQQLLsmiatm","Vince Staples",1639634,"['conscious hip hop', 'hip hop', 'rap', 'underground hip hop']"
"169","06HL4z0CvFAxyc27GXpf02","Taylor Swift",58554324,"['pop']"
"170","1FtBEIWAwvw5ymBen5GICR","Chlöe",204138,"['pop', 'post-teen pop', 'r&b', 'rap']"
"171","1McMsnEElThX1knmY4oliG","Olivia Rodrigo",20528951,"['pop']"
"172","5yG7ZAZafVaAlMTeBybKAL","Iggy Azalea",6098372,"['australian hip hop', 'dance pop', 'hip pop', 'pop', 'pop rap', 'post-teen pop', 'rap', 'uk pop', 'viral rap']"
"173","3fMbdgg4jU18AjLCKBhRSm","Michael Jackson",24070351,"['pop', 'r&b', 'soul']"
"174","5DK8eK7fjvRsziXzyr3sFA","Moon Taxi",175584,"['indie poptimism', 'modern alternative rock', 'modern rock', 'pop rock', 'stomp and holler']"
"175","4qBgvVog0wzW75IQ48mU7v","KYLE",1020400,"['pop', 'pop rap', 'rap', 'viral rap']"
"176","1LOB7jTeEV14pHai6EXSzF","Cash Cash",662092,"['dance pop', 'edm', 'electro house', 'electropop', 'electropowerpop', 'pop', 'pop dance', 'pop edm', 'tropical house']"
"177","1Bl6wpkWCQ4KVgnASpvzzA","BROCKHAMPTON",2007111,"['boy band', 'hip hop', 'rap']"
"178","1i8SpTcr7yvPOmcqrbnVXY","Ozuna",33511653,"['puerto rican pop', 'reggaeton', 'trap latino']"
"179","2jku7tDXc6XoB6MO2hFuqg","Tory Lanez",4595919,"['canadian hip hop', 'canadian trap', 'melodic rap', 'pop', 'pop rap', 'r&b', 'rap', 'toronto rap', 'trap']"
"180","6MDME20pz9RveH9rEXvrOM","Clean Bandit",4901516,"['dance pop', 'edm', 'pop', 'pop dance', 'tropical house', 'uk dance', 'uk funky', 'uk pop']"
"181","3MZsBdqDrRTJihTHQrO6Dq","Joji",6831881,"['viral pop']"
"182","22wbnEMDvgVIAGdFeek6ET","Benson Boone",416530,"['pop']"
"183","2lbUjuMzHkT4qIECvk2f3L","Kris Wu",775913,"['chinese hip hop', 'chinese idol pop']"
"184","20sxb77xiYeusSH8cVdatc","Meek Mill",6481503,"['hip hop', 'philly rap', 'pop rap', 'rap', 'southern hip hop', 'trap']"
"185","6WY7D3jk8zTrHtmkqqo5GI","Maren Morris",682680,"['contemporary country', 'country', 'pop', 'texas country']"
"186","0701LAQrkY5Il5vt06uNnC","Trouble",112822,"['atl hip hop', 'atl trap', 'trap']"
"187","6fWVd57NKTalqvmjRd2t8Z","24kGoldn",1842518,"['cali rap', 'pop rap', 'rap']"
"188","7mnAzEmgquhrVtGob81SmO","Big Shaq",325532,"['london rap', 'social media pop']"
"189","4IWBUUAFIplrNtaOHcJPRM","James Arthur",10257337,"['pop', 'talent show', 'uk pop']"
"190","6lB8vOoI4DRrrVxXwuV19c","Mike Perry",1391157,"['dance pop', 'edm', 'electro house', 'pop', 'pop dance', 'pop edm', 'swedish tropical house', 'tropical house', 'uk pop']"
"191","6TLwD7HPWuiOzvXEa3oCNe","Oliver Tree",1846563,"['alternative hip hop']"
"192","6USMTwO0MNDnKte5a5h0xx","Y2K",282719,"['pop rap']"
"193","7keGfmQR4X5w0two1xKZ7d","Kungs",859876,"['pop dance', 'tropical house']"
"194","4V8LLVI7PbaPR0K2TGSxFF","Tyler, The Creator",9524149,"['hip hop', 'rap']"
"195","2FwJwEswyIUAljqgjNSHgP","Snakehips",344480,"['edm', 'electro house', 'pop', 'pop dance', 'tropical house']"
"196","716NhGYqD1jl2wI1Qkgq36","Bizarrap",6978398,"['argentine hip hop', 'pop venezolano', 'trap argentino']"
"197","1HBjj22wzbscIZ9sEb5dyf","Jonas Blue",3611681,"['dance pop', 'edm', 'pop', 'pop dance', 'tropical house', 'uk dance', 'uk pop']"
"198","3tLYpanVDomWAZqF82NPds","Vigiland",266015,"['dance pop', 'edm', 'electronic trap', 'pop dance', 'pop rap', 'tropical house']"
"199","7dGJo4pcD2V6oG8kP0tJRR","Eminem",59184634,"['detroit hip hop', 'hip hop', 'rap']"
"200","4MIULe6tfg2loNzBy5B9eu","T-Wayne",158920,"['houston rap', 'pop rap', 'viral rap']"
"201","6i392l38cR3uBPF0DbNs7S","Quality Control",1067819,"['hip hop', 'melodic rap', 'pop rap', 'rap', 'southern hip hop', 'trap']"
"202","1b4DN8Vj0dnj5cceMFsRYN","Dante Klein",31513,"['pop edm']"
"203","2iUbk5KhZYZt4CRvWbwb7S","LunchMoney Lewis",89168,"['miami hip hop']"
"204","1Zatb2YN4erBOoSivOXc0o","O.T. Genasis",959237,"['gangster rap', 'pop rap', 'rap', 'southern hip hop', 'trap']"
"205","2HUwZ0kumzCSlhFcjFZfpp","Flipp Dinero",1119532,"['melodic rap', 'pop rap', 'rap', 'trap', 'vapor trap', 'viral rap']"
"206","5WRElKaZsn1tGnrgmJVAeO","Cam",237773,"['contemporary country', 'country', 'country pop']"
"207","5X4LWwbUFNzPkEas04uU82","DVBBS",1000704,"['canadian electronic', 'dance pop', 'edm', 'electro house', 'pop', 'pop dance', 'pop edm', 'progressive electro house', 'slap house', 'tropical house']"
"208","2kCcBybjl3SAtIcwdWpUe3","Lil Peep",8967975,"['emo rap', 'lgbtq+ hip hop']"
"209","3t5xRXzsuZmMDkQzgOX35S","Robin Schulz",2959520,"['dance pop', 'deep euro house', 'deep house', 'edm', 'german dance', 'pop', 'pop dance', 'tropical house']"
"210","3EOEK57CV77D4ovYVcmiyt","Dennis Lloyd",613720,"['israeli pop']"
"211","0Y6dVaC9DZtPNH4591M42W","TV Girl",1141345,"['indie pop', 'pop']"
"212","4D75GcNG95ebPtNvoNVXhz","Afrojack",3894564,"['big room', 'dance pop', 'dutch house', 'edm', 'electro house', 'pop dance', 'pop rap', 'progressive house', 'tropical house']"
"213","5y2Xq6xcjJb2jVM54GHK3t","John Legend",6260357,"['neo mellow', 'neo soul', 'pop', 'pop soul', 'r&b', 'urban contemporary']"
"214","3ipn9JLAPI5GUEo4y4jcoi","Ludacris",2442629,"['atl hip hop', 'dance pop', 'dirty south rap', 'hip hop', 'old school atlanta hip hop', 'pop rap', 'rap', 'southern hip hop', 'trap']"
"215","7e1ICztHM2Sc4JNLxeMXYl","dvsn",1092473,"['canadian contemporary r&b', 'pop', 'pop r&b', 'r&b', 'trap soul', 'urban contemporary']"
"216","7yO4IdJjCEPz7YgZMe25iS","A$AP Mob",1909999,"['hip hop', 'rap', 'southern hip hop', 'trap']"
"217","5pyVHz7lcfqKoV9BflFYwN","Jameson Rodgers",57483,"['contemporary country', 'country', 'country pop', 'country road']"
"218","0EmeFodog0BfCgMzAIvKQp","Shakira",24902736,"['colombian pop', 'dance pop', 'latin pop']"
"219","5p7f24Rk5HkUZsaS3BLG5F","Hailee Steinfeld",8031860,"['dance pop', 'pop', 'post-teen pop', 'uk pop']"
"220","0c173mlxpT3dSFRgMO8XPh","Big Sean",10005476,"['detroit hip hop', 'hip hop', 'pop', 'pop rap', 'r&b', 'rap', 'southern hip hop', 'trap']"
"221","3mH3OBKopDDVgnJcT5PrPk","Redfoo",399050,"['deep flow', 'pop rap']"
"222","1uNFoZAHBGtllmzznpCI3s","Justin Bieber",65590075,"['canadian pop', 'pop']"
"223","6xdRb2GypJ7DqnWAI2mHGn","MUNA",230742,"['art pop', 'dance pop', 'electropop', 'indie pop', 'indie poptimism', 'la pop', 'metropopolis', 'pop']"
"224","0WOxhx4hikIsyF3CRPLC8W","Famous Dex",2385503,"['chicago rap', 'drill', 'rap', 'southern hip hop', 'trap', 'underground hip hop', 'vapor trap', 'viral rap']"
"225","2NjfBq1NflQcKSeiDooVjY","Tones And I",2975328,"['australian pop', 'pop']"
"226","5JZ7CnR6gTvEMKX4g70Amv","Lauv",5208597,"['electropop', 'pop', 'uk pop']"
"227","6Ha4aES39QiVjR0L2lwuwq","Yo Gotti",3942282,"['dirty south rap', 'gangster rap', 'hip hop', 'memphis hip hop', 'pop rap', 'rap', 'southern hip hop', 'tennessee hip hop', 'trap']"
"228","6jeg7JBX9J9097esK752iR","Smiley",30009,"['canadian hip hop', 'toronto rap']"
"229","2wUjUUtkb5lvLKcGKsKqsR","Alessia Cara",10659888,"['canadian contemporary r&b', 'canadian pop', 'dance pop', 'pop', 'post-teen pop', 'uk pop']"
"230","2kCO8LXN1usaOPL3iEE28I","Tai Verdes",616118,"['modern indie pop', 'pop rap']"
"231","4kYGAK2zu9EAomwj3hXkXy","JP Cooper",791860,"['dance pop', 'neo mellow', 'pop', 'tropical house', 'uk pop']"
"232","31HjiqargV4NAw4GZqUale","Ace Hood",1706470,"['dirty south rap', 'gangster rap', 'hip hop', 'miami hip hop', 'pop rap', 'rap', 'southern hip hop', 'trap']"
"233","56OjNTX2bkrdGcB0staUOV","A-Wall",48258,"['bedroom pop']"
"234","6eKWqnckwdIlSnjaYgIyxv","Eli Young Band",753768,"['contemporary country', 'country', 'country road', 'heartland rock', 'modern country rock', 'pop rock', 'texas country']"
"235","41LfjfTCcTCUdykJqNyFw8","Dae Dae",370519,"['atl hip hop', 'trap']"
"236","3Isy6kedDrgPYoTS1dazA9","Sean Paul",4027706,"['dance pop', 'dancehall', 'pop rap']"
"237","3Y7RZ31TRPVadSFVy1o8os","H.E.R.",5520036,"['pop', 'r&b', 'rap', 'urban contemporary']"
"238","5YGY8feqx7naU7z4HrwZM6","Miley Cyrus",18938341,"['dance pop', 'pop']"
"239","3A5tHz1SfngyOZM2gItYKu","Earl Sweatshirt",1852693,"['alternative hip hop', 'experimental hip hop', 'hip hop', 'rap', 'underground hip hop']"
"240","4utLUGcTvOJFr6aqIJtYWV","Skylar Grey",540005,"['piano rock', 'viral pop']"
"241","5L1lO4eRHmJ7a0Q6csE5cT","LISA",3627751,"['k-pop']"
"242","1iJdyDcY98X3GMnUesl7tf","Comethazine",2038220,"['rap', 'trap', 'underground hip hop', 'vapor trap', 'viral rap']"
"243","5bgfj5zUoWpyeVatGDjn6H","K CAMP",1496980,"['atl hip hop', 'hip hop', 'melodic rap', 'pop r&b', 'pop rap', 'r&b', 'rap', 'southern hip hop', 'trap', 'viral rap']"
"244","00TKPo9MxwZ0j4ooveIxWZ","Loote",192676,"['alt z', 'australian pop', 'dance pop', 'electropop', 'indie poptimism', 'nyc pop', 'pop', 'pop dance', 'pop edm', 'post-teen pop', 'tropical house', 'uk pop']"
"245","20wkVLutqVOYrc0kxFs7rA","Daniel Caesar",3457554,"['canadian contemporary r&b', 'pop', 'r&b']"
"246","4NHQUGzhtTLFvgF5SZesLK","Tove Lo",3088737,"['art pop', 'dance pop', 'electropop', 'metropopolis', 'pop', 'swedish electropop', 'swedish pop', 'swedish synthpop', 'uk pop']"
"247","0bxSJJ7V2M4Zb9lpRzWPD8","JIMIN",285734,"['k-pop']"
"248","0u2FHSq3ln94y5Q57xazwf","Keith Urban",4846109,"['australian country', 'australian pop', 'contemporary country', 'country', 'country road']"
"249","1xHQO9GJIW9OXHxGBISYc5","Marian Hill",456497,"['electropop']"
"250","5OrB6Jhhrl9y2PK0pSV4VP","Young Money",2606316,"['dance pop', 'dirty south rap', 'gangster rap', 'hip hop', 'pop rap', 'r&b', 'rap', 'southern hip hop', 'trap']"
"251","5hdhHgpxyniooUiQVaPxQ0","Nio Garcia",3676402,"['latin hip hop', 'reggaeton', 'trap latino']"
"252","1pPmIToKXyGdsCF6LmqLmI","Rich The Kid",2879692,"['atl hip hop', 'hip hop', 'melodic rap', 'plugg', 'pop rap', 'rap', 'southern hip hop', 'trap', 'vapor trap']"
"253","4WN5naL3ofxrVBgFpguzKo","Rudimental",1334531,"['dance pop', 'edm', 'house', 'pop', 'pop dance', 'tropical house', 'uk dance', 'uk funky', 'uk pop']"
"254","7ibAWtDtmEfaVhc1FJ3Vl9","Eric Bellinger",751867,"['pop r&b', 'pop rap', 'r&b', 'rap', 'urban contemporary']"
"255","3QJUFtGBGL05vo0kCJZsmT","salem ilese",273416,"['modern indie pop']"
"256","1bqxdqvUtPWZri43cKHac8","MAX",764329,"['dance pop', 'electropop', 'pop', 'post-teen pop', 'uk pop', 'viral pop']"
"257","5qa31A9HySw3T7MKWI9bGg","FLETCHER",677970,"['alt z', 'dance pop', 'electropop', 'pop', 'post-teen pop']"
"258","6JL8zeS1NmiOftqZTRgdTz","Meghan Trainor",11651673,"['dance pop', 'hip pop', 'pop', 'post-teen pop', 'uk pop']"
"259","45dkTj5sMRSjrmBSBeiHym","Tate McRae",3063386,"['pop', 'uk pop']"
"260","5BcAKTbp20cv7tC5VqPFoC","Macklemore & Ryan Lewis",2582491,"['dance pop', 'pop', 'pop rap', 'seattle hip hop']"
"261","6FBDaR13swtiWwGhX1WQsP","blink-182",7087305,"['pop punk', 'punk', 'rock', 'socal pop punk']"
"262","1yZwlOVsfrp4wb6d29KkGM","DJ Luke Nasty",128269,"['north carolina hip hop', 'trap']"
"263","0Cd6nHYwecCNM1sVEXKlYr","Krewella",914090,"['dance pop', 'edm', 'electra', 'electro house', 'electropop', 'melodic dubstep', 'pop dance']"
"264","4qWnlmXWuGv2TtuxtIWlJX","BANNERS",517159,"['indie poptimism', 'pop', 'pop rock', 'uk pop']"
"265","6VuMaDnrHyPL1p4EHjYLi7","Charlie Puth",17411695,"['dance pop', 'pop', 'viral pop']"
"266","4ehtJnVumNf6xzSCDk8aLB","Martin Jensen",1275410,"['dance pop', 'danish electronic', 'deep house', 'edm', 'electro house', 'pop', 'pop dance', 'pop edm', 'tropical house', 'uk pop']"
"267","2UZMlIwnkgAEDBsw1Rejkn","Tom Petty",2023484,"['album rock', 'classic rock', 'folk rock', 'heartland rock', 'mellow gold', 'pop rock', 'rock', 'singer-songwriter', 'soft rock']"
"268","2YOYua8FpudSEiB9s88IgQ","Yung Gravy",1459953,"['minnesota hip hop']"
"269","1NRzxuPpdGushT8YmF5NAa","Edison Lighthouse",35601,"['bubblegum pop']"
"270","5vBSrE1xujD2FXYRarbAXc","Years & Years",1922159,"['dance pop', 'edm', 'electropop', 'gauze pop', 'pop', 'pop dance', 'tropical house', 'uk pop']"
"271","2kucQ9jQwuD8jWdtR9Ef38","Sam Hunt",2243123,"['contemporary country', 'country', 'country pop', 'country road']"
"272","4ScCswdRlyA23odg9thgIO","Jess Glynne",2819482,"['australian pop', 'dance pop', 'neo mellow', 'pop', 'pop dance', 'post-teen pop', 'tropical house', 'uk pop']"
"273","09hVIj6vWgoCDtT03h8ZCa","A Tribe Called Quest",1743610,"['alternative hip hop', 'conscious hip hop', 'east coast hip hop', 'gangster rap', 'golden age hip hop', 'hardcore hip hop', 'hip hop', 'jazz rap', 'queens hip hop', 'rap']"
"274","5KEG7G8LDYlHgFDqZyEEs2","Chris Rea",787343,"['album rock', 'art rock', 'blues rock', 'classic rock', 'mellow gold', 'soft rock', 'sophisti-pop']"
"275","42vg2T0Xg9yPaAgogJzoQH","Atlas Genius",327072,"['indie poptimism', 'indietronica', 'modern alternative rock', 'modern rock', 'shimmer pop']"
"276","4gzpq5DPGxSnKTe4SA8HAU","Coldplay",38371125,"['permanent wave', 'pop']"
"277","4r63FhuTkUYltbVAg5TQnk","DaBaby",10052327,"['north carolina hip hop', 'rap', 'trap']"
"278","69GGBxA162lTqCwzJG5jLp","The Chainsmokers",19441428,"['dance pop', 'edm', 'electropop', 'pop', 'pop dance', 'tropical house']"
"279","07YZf4WDAMNwqr4jfgOZ8y","Jason Derulo",11522281,"['dance pop', 'pop', 'pop rap', 'post-teen pop']"
"280","7FNnA9vBm6EKceENgCGRMb","Anitta",12159259,"['funk carioca', 'funk pop', 'pagode baiano', 'pop nacional']"
"281","5QdEbQJ3ylBnc3gsIASAT5","G Herbo",1608240,"['chicago drill', 'chicago rap', 'drill', 'rap', 'southern hip hop', 'trap']"
"282","1HY2Jd0NmPuamShAr6KMms","Lady Gaga",23126039,"['art pop', 'dance pop', 'pop']"
"283","1AhjOkOLkbHUfcHDSErXQs","88rising",841272,"['asian american hip hop', 'pop']"
"284","45eNHdiiabvmbp4erw26rg","ILLENIUM",1290089,"['edm', 'melodic dubstep', 'pop', 'pop dance', 'tropical house']"
"285","74XFHRwlV6OrjEM0A2NCMF","Paramore",7092156,"['candy pop', 'pixie', 'pop emo', 'pop punk']"
"286","0NIPkIjTV8mB795yEIiPYL","Wallows",2416869,"['indie pop', 'modern rock', 'pop']"
"287","70gP6Ry4Uo0Yx6uzPIdaiJ","Bas",468622,"['hip hop', 'queens hip hop', 'rap', 'southern hip hop', 'sudanese hip hop', 'sudanese pop', 'trap', 'underground hip hop']"
"288","1anyVhU62p31KFi8MEzkbf","Chance the Rapper",5737262,"['chicago rap', 'conscious hip hop', 'hip hop', 'pop rap', 'rap']"
"289","21dooacK2WGBB5amYvKyfM","Smokepurpp",2426425,"['dark trap', 'melodic rap', 'miami hip hop', 'rap', 'southern hip hop', 'trap', 'underground hip hop', 'vapor trap', 'viral rap']"
"290","4phGZZrJZRo4ElhRtViYdl","Jason Mraz",6800128,"['acoustic pop', 'neo mellow', 'pop', 'pop rock']"
"291","3jHBxvZ9gbBkZ17wKUqVsO","Kent Jones",108434,"['miami hip hop', 'viral trap']"
"292","329e4yvIujISKGKz1BZZbO","Farruko",13975050,"['latin hip hop', 'reggaeton', 'trap latino']"
"293","5WUlDfRSoLAfcVSX1WnrxN","Sia",24304639,"['australian dance', 'australian pop', 'dance pop', 'pop']"
"294","0cGUm45nv7Z6M6qdXYQGTX","Kehlani",6132653,"['dance pop', 'pop', 'r&b', 'rap']"
"295","3mIj9lX2MWuHmhNCA7LSCW","The 1975",5782661,"['modern alternative rock', 'modern rock', 'pop', 'rock']"
"296","5fMUXHkw8R8eOP2RNVYEZX","Diplo",2498486,"['edm', 'electro house', 'moombahton', 'ninja', 'pop', 'pop dance', 'tropical house']"
"297","3RbyaF3Pq6iDUKNp04AIcU","New Politics",281623,"['indie poptimism', 'modern alternative rock', 'modern rock', 'pop rock', 'stomp pop']"
"298","5H6xmHXjsq98NLbEjuE29f","NEIKED",121888,"['dance pop', 'pop', 'pop dance', 'scandipop', 'tropical house']"
"299","13y7CgLHjMVRMDqxdx0Xdo","Gucci Mane",4454550,"['atl hip hop', 'dirty south rap', 'gangster rap', 'hip hop', 'pop rap', 'rap', 'southern hip hop', 'trap']"
"300","4fxd5Ee7UefO4CUXgwJ7IP","Giveon",2463715,"['pop', 'r&b']"
"301","0NbfKEOTQCcwd6o7wSDOHI","The Game",4165499,"['gangster rap', 'hip hop', 'pop rap', 'rap', 'southern hip hop', 'trap']"
"302","4yvcSjfu4PC0CYQyLy4wSq","Glass Animals",3290193,"['gauze pop', 'indietronica', 'shiver pop']"
"303","0id62QV2SZZfvBn9xpmuCl","Aloe Blacc",682267,"['pop soul', 'r&b']"
"304","2YZyLoL8N0Wb9xBt1NhZWg","Kendrick Lamar",21389956,"['conscious hip hop', 'hip hop', 'rap', 'west coast rap']"
"305","738wLrAtLtCtFOLvQBXOXp","Major Lazer",6302403,"['dance pop', 'edm', 'electro house', 'moombahton', 'pop', 'pop dance', 'pop rap', 'tropical house']"
"306","6KZDXtSj0SzGOV705nNeh3","Kid Ink",2879810,"['dance pop', 'hip hop', 'pop rap', 'rap', 'southern hip hop', 'trap']"
"307","2hiq2iBnUik3mrOfEgRSpB","carolesdaughter",170532,"['alt z', 'indie pop', 'viral rap']"
"308","0C8ZW7ezQVs4URX5aX7Kqx","Selena Gomez",37269207,"['dance pop', 'pop', 'post-teen pop', 'uk pop']"
"309","4gwpcMTbLWtBUlOijbVpuu","Capital Cities",805617,"['metropopolis', 'modern rock']"
"310","5ndkK3dpZLKtBklKjxNQwT","B.o.B",1997502,"['atl hip hop', 'dance pop', 'hip hop', 'pop', 'pop rap', 'rap', 'southern hip hop']"
"311","58R5LHkK3vkmEyGUPOR5kS","KONGOS",268826,"['modern alternative rock', 'modern blues rock', 'modern rock', 'south african pop', 'south african rock']"
"312","6T5tfhQCknKG4UnH90qGnz","DNCE",4266483,"['dance pop', 'pop', 'post-teen pop', 'uk pop']"
"313","4VdV2qRAYBLINR6uU72V1J","Joshua Bassett",817174,"['pop', 'post-teen pop', 'uk pop']"
"314","3wyVrVrFCkukjdVIdirGVY","Lil Pump",7916606,"['emo rap', 'miami hip hop', 'rap', 'trap', 'viral rap']"
"315","1zNqDE7qDGCsyzJwohVaoX","Anne-Marie",9953282,"['dance pop', 'pop', 'pop dance', 'post-teen pop', 'tropical house', 'uk pop']"
"316","4HzKw8XcD0piJmDrrPRCYk","Majid Jordan",745600,"['canadian contemporary r&b', 'pop', 'r&b', 'trap soul']"
"317","0eecdvMrqBftK0M1VKhaF4","CNCO",9157830,"['boy band', 'latin pop', 'reggaeton']"
"318","5GGJosGMs08YEmKTZJe1fL","Suki Waterhouse",173458,"['indie pop', 'pop']"
"319","4iHNK0tOyZPYnBU7nGAgpQ","Mariah Carey",8146681,"['dance pop', 'pop', 'r&b', 'urban contemporary']"
"320","0jNDKefhfSbLR9sFvcPLHo","San Holo",665516,"['edm', 'electro house', 'electronic trap', 'electropop', 'future bass', 'pop dance', 'pop edm', 'vapor twitch']"
"321","60d24wfXkVzDSfLS6hyCjZ","Martin Garrix",15611329,"['dance pop', 'dutch edm', 'edm', 'electro house', 'pop', 'pop dance', 'progressive house', 'tropical house']"
"322","0qTZZWLzuD59Un5r1speHm","Chris Jedi",1989959,"['latin hip hop', 'reggaeton', 'reggaeton flow', 'trap latino']"
"323","64H8UqGLbJFHwKtGxiV8OP","THE ANXIETY",150003,"['modern alternative pop']"
"324","0zOcE3mg9nS6l3yxt1Y0bK","The Fray",3706579,"['neo mellow', 'piano rock', 'pop', 'pop rock']"
"325","382aq8Pij5V2nE2JMHMoxl","Hoodie Allen",692741,"['indie pop rap', 'pop rap']"
"326","1W4itxt3vwhmrgLEBuVHJ6","Vundabar",228077,"['boston indie', 'indie garage rock', 'indie pop']"
"327","1FbsmLXvj5CccZj6JLk46Z","Kim Cesarion",37773,"['swedish pop', 'swedish soul']"
"328","164Uj4eKjl6zTBKfJLFKKK","JVKE",545139,"['modern indie pop']"
"329","4TsHKU8l8Wq7n7OPVikirn","Jidenna",346410,"['ghanaian hip hop']"
"330","7CyeXFnOrfC1N6z4naIpgo","The Ronettes",216228,"['brill building pop', 'classic girl group', 'rock-and-roll', 'soul']"
"331","6DgP9otnZw5z6daOntINxp","Joel Corry",300072,"['dance pop', 'edm', 'pop', 'pop dance', 'tropical house', 'uk dance']"
"332","7dIpKWlEeAljA20vFJ82RD","Roar",419263,"['indie pop', 'weirdcore']"
"333","57WHJIHrjOE3iAxpihhMnp","Louis Tomlinson",6378733,"['pop', 'post-teen pop']"
"334","5SXuuuRpukkTvsLuUknva1","Baby Keem",1046017,"['hip hop', 'rap']"
"335","6CwfuxIqcltXDGjfZsMd9A","MARINA",3968557,"['dance pop', 'electropop', 'metropopolis', 'pop', 'uk alternative pop']"
"336","6prmLEyn4LfHlD9NnXWlf7","Adam Lambert",1359216,"['dance pop', 'idol', 'post-teen pop']"
"337","6f4XkbvYlXMH0QgVRzW0sM","Waka Flocka Flame",2489091,"['atl hip hop', 'dirty south rap', 'gangster rap', 'pop rap', 'rap', 'southern hip hop', 'trap']"
"338","7kFfY4UjNdNyaeUgLIEbIF","DeJ Loaf",1453699,"['detroit hip hop', 'pop r&b', 'r&b', 'trap', 'trap queen', 'viral rap']"
"339","7MPGCB854Qo4alYMOPkBka","Ritt Momney",117949,"['bedroom pop', 'indie pop']"
"340","3kVUvbeRdcrqQ3oHk5hPdx","Grouplove",1103559,"['indie poptimism', 'indie rock', 'indietronica', 'la indie', 'modern alternative rock', 'modern rock', 'rock']"
"341","6beUvFUlKliUYJdLOXNj9C","King Princess",1578625,"['alt z', 'art pop', 'electropop', 'indie pop', 'indie poptimism', 'nyc pop', 'pop']"
"342","1HxJeLhIuegM3KgvPn8sTa","Jack Ü",1070707,"['dance pop', 'edm', 'electro house', 'pop dance']"
"343","4GNC7GD6oZMSxPGyXy4MNB","Lewis Capaldi",9876675,"['pop', 'uk pop']"
"344","2BL5VxhQadpc4v2VlZyKY5","Kalin and Myles",173050,"['teen pop']"
"345","5XenQ7XfcvQdfIbpLEFaKQ","GoldLink",806943,"['dmv rap', 'hip hop', 'pop', 'r&b', 'rap', 'underground hip hop']"
"346","1TtJ8j22Roc24e2Jx3OcU4","Purity Ring",572714,"['art pop', 'canadian electropop', 'chillwave', 'dark pop', 'dream pop', 'edmonton indie', 'electropop', 'grave wave', 'indietronica', 'metropopolis', 'shimmer pop']"
"347","07YUOmWljBTXwIseAUd9TW","Sebastian Yatra",19935911,"['colombian pop', 'reggaeton colombiano']"
"348","37hAfseJWi0G3Scife12Il","City Girls",2060013,"['dance pop', 'pop', 'r&b', 'rap', 'scam rap', 'trap queen']"
"349","4IJczjB0fJ04gs4uvP0Fli","Gym Class Heroes",1393508,"['dance pop', 'pop rap']"
"350","4fpTMHe34LC5t3h5ztK8qu","The Carters",1425963,"['pop', 'r&b', 'rap', 'urban contemporary']"
"351","0awl5piYwO0CDTHEkCjUhn","Nico & Vinz",498665,"['pop rap']"
"352","17lzZA2AlOHwCwFALHttmp","2 Chainz",7360903,"['atl hip hop', 'gangster rap', 'hip hop', 'pop rap', 'rap', 'southern hip hop', 'trap']"
"353","6AUl0ykLLpvTktob97x9hO","Tee Grizzley",3022952,"['detroit hip hop', 'detroit trap', 'hip hop', 'pop rap', 'rap', 'southern hip hop', 'trap']"
"354","2iojnBLj0qIMiKPvVhLnsH","Trey Songz",6795545,"['dance pop', 'hip pop', 'pop', 'r&b', 'southern hip hop', 'trap', 'urban contemporary']"
"355","2P5sC9cVZDToPxyomzF1UH","Joey Bada$$",2725747,"['conscious hip hop', 'hip hop', 'rap', 'underground hip hop']"
"356","41MozSoPIsD1dJM0CLPjZF","BLACKPINK",32382333,"['k-pop', 'k-pop girl group']"
"357","2XnBwblw31dfGnspMIwgWz","Axwell /\ Ingrosso",2393306,"['dance pop', 'edm', 'electro house', 'pop', 'pop dance', 'tropical house']"
"358","2xe8IXgCTpwHE3eA9hTs4n","BANKS",1016073,"['art pop', 'electropop', 'indie poptimism', 'pop', 'uk pop']"
"359","77ziqFxp5gaInVrF2lj4ht","Sech",11171905,"['panamanian pop', 'reggaeton', 'trap latino']"
"360","6L1XC7NrmgWRlwAeLJvVtA","Sam Fischer",189203,"['australian pop', 'dance pop', 'neo mellow', 'pop', 'uk pop']"
"361","1W3FSF1BLpY3hlVIgvenLz","The-Dream",1142988,"['dance pop', 'hip hop', 'hip pop', 'r&b', 'southern hip hop', 'trap', 'urban contemporary']"
"362","46gyXjRIvN1NL1eCB8GBxo","All Time Low",2827982,"['modern rock', 'pop punk', 'rock']"
"363","2NdeV5rLm47xAvogXrYhJX","Ciara",5815659,"['dance pop', 'hip pop', 'pop', 'post-teen pop', 'r&b', 'urban contemporary']"
"364","6MPCFvOQv5cIGfw3jODMF0","Internet Money",658235,"['pop rap', 'rap', 'trap']"
"365","1Y8cdNmUJH7yBTd9yOvr5i","Destiny's Child",5783131,"['dance pop', 'girl group', 'hip pop', 'pop', 'r&b', 'urban contemporary']"
"366","163tK9Wjr9P9DmM0AVK7lm","Lorde",9863458,"['art pop', 'metropopolis', 'nz pop', 'pop', 'yakut pop']"
"367","540vIaP2JwjQb9dm3aArA4","DJ Snake",8064094,"['dance pop', 'edm', 'electronic trap', 'pop', 'pop dance', 'pop rap']"
"368","63bCkf4n15jiKjHhLV7kSZ","Niykee Heaton",481293,"['alt z', 'dance pop', 'electropop', 'pop']"
"369","26dSoYclwsYLMAKD3tpOr4","Britney Spears",11288911,"['dance pop', 'pop']"
"370","1vCWHaC5f2uS3yhpwWbIA6","Avicii",22055236,"['dance pop', 'edm', 'pop', 'pop dance', 'pop rap']"
"371","77SW9BnxLY8rJ0RciFqkHh","The Neighbourhood",10028232,"['modern alternative rock', 'modern rock', 'pop', 'shimmer pop']"
"372","5pUo3fmmHT8bhCyHE52hA6","Liam Payne",9765888,"['dance pop', 'pop', 'post-teen pop', 'uk pop']"
"373","67nwj3Y5sZQLl72VNUHEYE","Wale",3783379,"['gangster rap', 'hip hop', 'pop rap', 'r&b', 'rap', 'southern hip hop', 'trap', 'urban contemporary']"
"374","3uwAm6vQy7kWPS2bciKWx9","girl in red",5221036,"['bedroom pop', 'bubblegrunge', 'indie pop', 'norwegian indie', 'pop']"
"375","5nCi3BB41mBaMH9gfr6Su0","fun.",3505425,"['baroque pop', 'metropopolis', 'modern rock', 'pop rock']"
"376","6LuN9FCkKOj5PcnpouEgny","Khalid",15501199,"['pop', 'pop r&b']"
"377","1Hsdzj7Dlq2I7tHP7501T4","Niall Horan",8829150,"['dance pop', 'neo mellow', 'pop', 'post-teen pop', 'uk pop']"
"378","4bthk9UfsYUYdcFyqxmSUU","Tears For Fears",2527286,"['new romantic', 'new wave', 'new wave pop', 'permanent wave', 'sophisti-pop', 'synthpop']"
"379","2lRH2dgU5Kk4Bc5phmII4T","LANCO",372249,"['contemporary country', 'country', 'country pop', 'country road']"
"380","5yPzzu25VzEk8qrGTLIrE1","Young Nudy",974134,"['hip hop', 'pluggnb', 'rap', 'trap', 'vapor trap', 'viral rap']"
"381","5oNgAs7j5XcBMzWv3HAnHG","DJ Drama",1278173,"['dirty south rap', 'gangster rap', 'hip hop', 'philly rap', 'pop rap', 'rap', 'southern hip hop', 'trap']"
"382","0PGB0xsAyDqHHlvNQcgq5S","POWERS",49022,"['indie poptimism', 'la pop']"
"383","5z1VAFwT35EVvCp1XlZZuL","Diana Krall",984363,"['adult standards', 'contemporary vocal jazz', 'jazz pop', 'lounge', 'vocal jazz']"
"384","6sFHvCyqklnJpXC9Nh1aag","Alexander 23",319424,"['alt z', 'electropop', 'pop', 'uk pop']"
"385","4cPHsZM98sKzmV26wlwD2W","Brenda Lee",275434,"['adult standards', 'brill building pop', 'easy listening', 'lounge', 'rockabilly']"
"386","4SqTiwOEdYrNayaGMkc7ia","LÉON",340644,"['metropopolis', 'neo mellow', 'pop']"
"387","4EMtGVFvfCSrEmWaGV0roE","Theophilus London",152252,"['alternative hip hop']"
"388","5M0lbkGluOPXLeFjApw8r8","DRAM",821196,"['pop rap', 'rap', 'underground hip hop', 'virginia hip hop']"
"389","1tqhsYv8yBBdwANFNzHtcr","Lil Dicky",1904623,"['comedy rap', 'pop rap', 'rap']"
"390","2ZRQcIgzPCVaT9XKhXZIzh","Gryffin",846987,"['dance pop', 'edm', 'pop', 'pop dance', 'tropical house']"
"391","3wjsrpfO6odEphTZWx45RQ","Hearts & Colors",130078,"['australian pop', 'channel pop', 'neo mellow', 'pop rock', 'post-teen pop', 'uk pop', 'viral pop']"
"392","2R1QrQqWuw3IjoP5dXRFjt","Marlon Roudette",87434,"['uk pop']"
"393","3WGpXCj9YhhfX11TToZcXP","Troye Sivan",7115846,"['australian pop', 'dance pop', 'pop', 'viral pop']"
"394","0b1sIQumIAsNbqAoIClSpy","j-hope",11735876,"['k-pop', 'k-rap']"
"395","6S2OmqARrzebs0tKUEyXyp","Demi Lovato",23189982,"['dance pop', 'pop', 'post-teen pop', 'uk pop']"
"396","3hv9jJF3adDNsBSIQDqcjp","Mark Ronson",974336,"['dance pop', 'pop', 'uk pop']"
"397","7K78lVZ8XzkjfRSI7570FF","José Feliciano",304851,"['bolero', 'latin pop', 'puerto rican pop']"
"398","2aYJ5LAta2ScCdfLhKgZOY","Cobra Starship",478802,"['dance pop', 'electropop', 'neon pop punk', 'pop punk', 'post-teen pop']"
"399","6cEuCEZu7PAE9ZSzLLc2oQ","R3HAB",2389551,"['dance pop', 'dutch house', 'edm', 'electro house', 'pop', 'pop dance', 'progressive electro house', 'slap house', 'tropical house']"
"400","4tX2TplrkIP4v05BNC903e","Tom Petty and the Heartbreakers",2361890,"['album rock', 'classic rock', 'folk rock', 'heartland rock', 'mellow gold', 'pop rock', 'rock', 'singer-songwriter', 'soft rock']"
"401","2WX2uTcsvV5OnS0inACecP","Birdy",3566150,"['pop', 'uk pop']"
"402","3KV3p5EY4AvKxOlhGHORLg","Jeremih",5902838,"['chicago rap', 'dance pop', 'pop', 'pop rap', 'r&b', 'urban contemporary']"
"403","3QSQFmccmX81fWCUSPTS7y","Dean Lewis",2168489,"['australian pop', 'pop', 'uk pop']"
"404","5cj0lLjcoR7YOSnhnX0Po5","Doja Cat",21779281,"['dance pop', 'pop']"
"405","7cYEt1pqMgXJdq00hAwVpT","Chase Atlantic",3655974,"['pop']"
"406","2ysnwxxNtSgbb9t1m2Ur4j","George Ezra",3787113,"['folk-pop', 'neo-singer-songwriter']"
"407","7DuTB6wdzqFJGFLSH17k8e","Bhad Bhabie",3029382,"['pop', 'rap', 'social media pop', 'trap queen', 'viral rap']"
"408","2qAwMsiIjTzlmfAkXKvhVA","Armani White",92740,"['indie hip hop']"
"409","1iNqsUDUraNWrj00bqssQG","Dreamville",457507,"['hip hop', 'rap']"
"410","20gsENnposVs2I4rQ5kvrf","Sam Feldt",708920,"['dance pop', 'edm', 'electro house', 'pop', 'pop dance', 'pop edm', 'tropical house', 'uk pop']"
"411","53KwLdlmrlCelAZMaLVZqU","James Blake",1274581,"['indie r&b', 'indie soul', 'uk alternative pop', 'uk pop']"
"412","7i9j813KFoSBMldGqlh2Z1","Riton",103090,"['dance pop', 'edm', 'house', 'pop dance', 'tropical house', 'uk dance']"
"413","2ySHS7UojGu20XfUPaBlyu","Devin Dawson",190695,"['contemporary country', 'country', 'country pop', 'country road', 'modern country rock']"
"414","5MouCg6ta7zAxsfMEbc1uh","OMI",599393,"['dance pop']"
"415","1h6Cn3P4NGzXbaXidqURXs","Swedish House Mafia",3597342,"['edm', 'pop', 'pop dance', 'progressive electro house']"
"416","5Mq7iqCWBzofK39FBqblNc","Jessie Ware",673379,"['art pop', 'british soul', 'dance pop', 'electropop', 'neo soul', 'pop', 'pop soul', 'tropical house', 'uk pop']"
"417","6FugQjLquBF4JzATRN70bR","Yot Club",212043,"['bedroom pop', 'indie pop']"
"418","7gAppWoH7pcYmphCVTXkzs","The Vamps",5348800,"['boy band', 'dance pop', 'pop', 'post-teen pop', 'uk pop']"
"419","56ZTgzPBDge0OvCGgMO3OY","Beach House",1613195,"['baltimore indie', 'dream pop', 'dreamo', 'modern dream pop']"
"420","41X1TR6hrK8Q2ZCpp2EqCz","bbno$",1103591,"['canadian hip hop', 'dark trap', 'vapor trap']"
"421","5YkBrE0wF8cAlq3GCOw5Eu","Best Coast",308395,"['indie pop', 'indie rock', 'indie surf', 'la indie', 'metropopolis']"
"422","14CHVeJGrR5xgUGQFV5BVM","Fivio Foreign",1012244,"['brooklyn drill', 'hip hop', 'new york drill', 'rap', 'trap']"
"423","0u6GtibW46tFX7koQ6uNJZ","Topic",183278,"['dance pop', 'edm', 'electro house', 'german dance', 'pop dance', 'pop edm', 'tropical house']"
"424","5vCOdeiQt9LyzdI87kt5Sh","AronChupa",380759,"['swedish pop']"
"425","4obzFoKoKRHIphyHzJ35G3","Becky G",12260786,"['dance pop', 'latin viral pop', 'pop', 'rap latina', 'reggaeton']"
"426","3iOvXCl6edW5Um0fXEBRXy","The xx",3814453,"['downtempo', 'dream pop', 'indietronica']"
"427","3jOstUTkEu2JkjvRdBA5Gu","Weezer",2873113,"['alternative rock', 'modern power pop', 'modern rock', 'permanent wave', 'rock']"
"428","1hzfo8twXdOegF3xireCYs","Milky Chance",1676037,"['german pop']"
"429","1URnnhqYAYcrqrcwql10ft","21 Savage",11641065,"['atl hip hop', 'rap', 'trap']"
"430","4yiQZ8tQPux8cPriYMWUFP","Gwen Stefani",5505570,"['dance pop', 'pop']"
"431","67lytN32YpUxiSeWlKfHJ3","Yung Lean",738475,"['psychedelic hip hop', 'underground hip hop']"
"432","3q7HBObVc0L8jNeTe5Gofh","50 Cent",9380724,"['east coast hip hop', 'gangster rap', 'hip hop', 'pop rap', 'queens hip hop', 'rap']"
"433","4dwdTW1Lfiq0cM8nBAqIIz","Of Monsters and Men",3388892,"['folk-pop', 'metropopolis', 'modern rock', 'pop rock', 'stomp and holler']"
"434","7uaIm6Pw7xplS8Dy06V6pT","Trevor Daniel",708704,"['melodic rap', 'pop', 'pop rap']"
"435","4Uc8Dsxct0oMqx0P6i60ea","Conan Gray",6498675,"['bedroom pop', 'pop']"
"436","74KM79TiuVKeVCqs8QtB0B","Sabrina Carpenter",4426895,"['alt z', 'dance pop', 'electropop', 'pop', 'post-teen pop', 'uk pop']"
"437","46SHBwWsqBkxI7EeeBEQG7","Kodak Black",8470773,"['florida rap', 'hip hop', 'melodic rap', 'miami hip hop', 'rap', 'trap']"
"438","2auiVi8sUZo17dLy1HwrTU","Solange",1814612,"['afrofuturism', 'alternative r&b', 'dance pop', 'escape room', 'hip pop', 'indie soul', 'neo soul', 'pop', 'r&b', 'urban contemporary']"
"439","57LYzLEk2LcFghVwuWbcuS","Summer Walker",4052187,"['pop', 'r&b', 'rap']"
"440","0TnOYISbd1XYRBk9myaseg","Pitbull",9555658,"['dance pop', 'miami hip hop', 'pop', 'pop rap']"
"441","6TcnmlCSxihzWOQJ8k0rNS","Third Eye Blind",1357827,"['alternative rock', 'neo mellow', 'pop rock', 'post-grunge', 'rock']"
"442","7sfgqEdoeBTjd8lQsPT3Cy","Emeli Sandé",2198148,"['dance pop', 'neo soul', 'pop', 'r&b', 'uk pop']"
"443","0TImkz4nPqjegtVSMZnMRq","TLC",3246523,"['atl hip hop', 'contemporary r&b', 'dance pop', 'girl group', 'hip hop', 'hip pop', 'r&b', 'urban contemporary']"
"444","6ASri4ePR7RlsvIQgWPJpS","iann dior",1609002,"['melodic rap', 'pop rap', 'rap']"
"445","3aGFCoR8xGN6DKwvdzeSja","ILOVEMAKONNEN",353440,"['atl hip hop', 'lgbtq+ hip hop', 'trap', 'underground hip hop']"
"446","5BvJzeQpmsdsFp4HGUYUEx","Vampire Weekend",1813136,"['baroque pop', 'indie rock', 'modern rock']"
"447","7xEFii6utZmQ61kX59HmLH","FRENSHIP",178254,"['electropop', 'indie poptimism', 'la pop', 'pop dance', 'tropical house', 'uk pop']"
"448","34Y0ldeyUv7jBvukWOGASO","Bobby Shmurda",1354993,"['nyc rap', 'pop rap', 'rap', 'southern hip hop', 'trap']"
"449","4bL2B6hmLlMWnUEZnorEtG","Felix Jaehn",1223000,"['dance pop', 'edm', 'electro house', 'german dance', 'pop', 'pop dance', 'tropical house', 'uk pop']"
"450","7okSU80WTrn4LXlyXYbX3P","Clinton Kane",771863,"['alt z', 'gen z singer-songwriter', 'pop', 'uk pop']"
"451","6d47Z08T4snK50HgTEHo5Z","Sage The Gemini",819223,"['dance pop', 'hyphy', 'pop rap', 'rap', 'southern hip hop', 'viral rap']"
"452","0MlOPi3zIDMVrfA9R04Fe3","American Authors",1383951,"['indie poptimism', 'modern rock', 'pop rock']"
"453","0DdDnziut7wOo6cAYWVZC5","KREAM",212312,"['dance pop', 'edm', 'electro house', 'house', 'pop dance', 'pop edm', 'tropical house']"
"454","57vWImR43h4CaDao012Ofp","Steve Lacy",2046648,"['afrofuturism', 'pop']"
"455","5IcR3N7QB1j6KBL8eImZ8m","ScHoolboy Q",4244741,"['gangster rap', 'hip hop', 'pop rap', 'rap', 'southern hip hop', 'trap', 'underground hip hop']"
"456","7meyrw7Or5DwteYxDJrkCM","YK Osiris",1439041,"['melodic rap', 'pop r&b', 'trap', 'viral rap']"
"457","0RpddSzUHfncUWNJXKOsjy","Neon Trees",1177761,"['modern alternative rock', 'modern rock', 'pop rock', 'rock']"
"458","6extd4B6hl8VTmnlhpl2bY","Huncho Jack",1032504,"['hip hop', 'melodic rap', 'pop rap', 'rap', 'southern hip hop', 'trap']"
"459","0HkcYmcjrBR3SCw9Ld5VZk","Calboy",824909,"['chicago rap', 'melodic rap', 'pop rap', 'rap', 'trap']"
"460","3v6Ji4uoWtKRkhuDUaxi9n","Dynoro",243712,"['edm', 'electro house', 'pop dance', 'tropical house']"
"461","33W1pnW9zScZtYTnAoWnOT","Mr. Probz",320138,"['dutch hip hop', 'tropical house']"
"462","5xKp3UyavIBUsGy3DQdXeF","A Great Big World",508202,"['neo mellow', 'piano rock', 'pop rock', 'post-teen pop', 'viral pop']"
"463","6USv9qhCn6zfxlBQIYJ9qs","Dominic Fike",959365,"['alternative pop rock', 'pop']"
"464","1aSxMhuvixZ8h9dK9jIDwL","Kate Bush",1443205,"['art pop', 'art rock', 'baroque pop', 'new wave pop', 'permanent wave', 'piano rock', 'singer-songwriter', 'uk pop']"
"465","4sj6D0zlMOl25nprDJBiU9","Andy Williams",443747,"['adult standards', 'brill building pop', 'easy listening', 'lounge', 'mellow gold']"
"466","0eHQ9o50hj6ZDNBt6Ys1sD","Yandel",6199874,"['latin hip hop', 'reggaeton', 'reggaeton flow', 'trap latino']"
"467","5IH6FPUwQTxPSXurCrcIov","Alec Benjamin",3778198,"['alt z', 'dream smp', 'electropop', 'pop']"
"468","6PXS4YHDkKvl1wkIl4V8DL","Fetty Wap",4352254,"['dance pop', 'new jersey rap', 'pop', 'pop rap', 'rap', 'southern hip hop', 'trap']"
"469","4qXC0i02bSFstECuXP2ZpL","Blxst",338986,"['pop rap']"
"470","0du5cEVh5yTK9QJze8zA0C","Bruno Mars",43103624,"['dance pop', 'pop']"
"471","3AVfmawzu83sp94QW7CEGm","Astrid S",1256738,"['alt z', 'dance pop', 'norwegian pop', 'pop', 'tropical house', 'uk pop']"
"472","1Fr6agZ6iSM5Ynn2k4C8sc","VÉRITÉ",292047,"['alt z', 'art pop', 'brooklyn indie', 'dark pop', 'electropop', 'indie electropop', 'indie pop', 'indie poptimism', 'metropopolis', 'nyc pop', 'pop', 'vapor pop', 'vapor soul']"
"473","137W8MRPWKqSmrBGDBFSop","Wiz Khalifa",10707810,"['hip hop', 'pittsburgh rap', 'pop rap', 'rap', 'southern hip hop', 'trap']"
"474","0VRj0yCOv2FXJNP47XQnx5","Quavo",5898377,"['atl hip hop', 'hip hop', 'melodic rap', 'pop rap', 'rap', 'southern hip hop', 'trap']"
"475","6sCbFbEjbYepqswM1vWjjs","Zendaya",3423855,"['dance pop', 'pop', 'post-teen pop']"
"476","6fxyWrfmjcbj5d12gXeiNV","Denzel Curry",1893142,"['dark trap', 'drill', 'hip hop', 'miami hip hop', 'rap', 'underground hip hop']"
"477","25uiPmTg16RbhZWAqwLBy5","Charli XCX",2657755,"['art pop', 'candy pop', 'dance pop', 'electropop', 'metropopolis', 'pop', 'uk pop']"
"478","5xuNBZoM7z1Vv8IQ6uM0p6","JoJo",2185112,"['dance pop', 'pop', 'post-teen pop', 'r&b', 'uk pop', 'urban contemporary']"
"479","1HwM5zlC5qNWhJtM00yXzG","DMX",3683467,"['east coast hip hop', 'gangster rap', 'hardcore hip hop', 'hip hop', 'pop rap', 'rap']"
"480","2jnIB6XdLvnJUeNTy5A0J2","Why Don't We",3309836,"['australian pop', 'boy band', 'dance pop', 'pop', 'post-teen pop', 'uk pop']"
"481","6l3HvQ5sa6mXTsMTB19rO5","J. Cole",17839233,"['conscious hip hop', 'hip hop', 'north carolina hip hop', 'rap']"
"482","6icQOAFXDZKsumw3YXyusw","Lil Yachty",8294455,"['atl hip hop', 'hip hop', 'melodic rap', 'rap', 'trap', 'underground hip hop', 'viral rap']"
"483","6C1ohJrd5VydigQtaGy5Wa","Joyner Lucas",1949452,"['boston hip hop', 'hip hop', 'pop rap', 'rap']"
"484","7rpf45DdbpweG51Acze45i","Kay Starr",41967,"['adult standards', 'brill building pop', 'easy listening', 'lounge', 'swing', 'torch song', 'vocal jazz']"
"485","4iiQabGKtS2RtTKpVkrVTw","Smallpools",229445,"['electropop', 'hopebeat', 'indie poptimism', 'la indie', 'la pop', 'metropopolis', 'modern alternative rock', 'modern rock', 'pop rock']"
"486","1sBkRIssrMs1AbVkOJbc7a","Rick Ross",6220623,"['dirty south rap', 'gangster rap', 'hip hop', 'pop rap', 'rap', 'southern hip hop', 'trap']"
"487","6t1gpxYbY8OlLA7D2RiikQ","Loud Luxury",561698,"['dance pop', 'edm', 'electro house', 'pop', 'pop dance', 'tropical house']"
"488","2wIVse2owClT7go1WT98tk","Missy Elliott",2043639,"['dance pop', 'hip hop', 'hip pop', 'pop rap', 'r&b', 'rap', 'urban contemporary', 'virginia hip hop']"
"489","63MQldklfxkjYDoUE4Tppz","M83",2107187,"['french shoegaze', 'french synthpop', 'indietronica', 'metropopolis', 'neo-synthpop']"
"490","1SupJlEpv7RS2tPNRaHViT","Nicky Jam",17688765,"['latin hip hop', 'reggaeton', 'trap latino']"
"491","0EeQBlQJFiAfJeVN2vT9s0","Nipsey Hussle",2871117,"['conscious hip hop', 'gangster rap', 'hip hop', 'pop rap', 'rap', 'southern hip hop', 'trap']"
"492","3nFkdlSjzX9mRTtwJOzDYB","JAY-Z",7597737,"['east coast hip hop', 'hip hop', 'rap']"
"493","24CgJHK6T7C5OmUbiLLMjJ","Luh Kel",994933,"['pop r&b', 'st louis rap']"
"494","2IDLDx25HU1nQMKde4n61a","Rich Brian",2063131,"['indonesian hip hop']"
"495","1z7b1Pr1rSlvWRzsW3HOrS","Russ",4527457,"['hawaiian hip hop', 'rap']"
"496","0bdfiayQAKewqEvaU6rXCv","MØ",1380460,"['dance pop', 'danish pop', 'electropop', 'pop', 'tropical house', 'uk pop']"
"497","3DiDSECUqqY1AuBP8qtaIa","Alicia Keys",9950082,"['hip pop', 'neo soul', 'pop', 'r&b', 'urban contemporary']"
"498","4AA474G2hRfrHyGrfyDseO","Mozzy",657553,"['cali rap', 'pop rap', 'rap', 'sacramento hip hop', 'southern hip hop', 'trap']"
"499","5fahUm8t5c0GIdeTq0ZaG8","Otto Knows",386951,"['dance pop', 'edm', 'electro house', 'pop dance', 'progressive electro house', 'tropical house']"
"500","0X2BH1fck6amBIoJhDVmmJ","Ellie Goulding",11123144,"['dance pop', 'edm', 'electropop', 'indietronica', 'metropopolis', 'pop', 'uk pop']"
"501","77AiFEVeAVj2ORpC85QVJs","Steve Aoki",3689746,"['dance pop', 'edm', 'electro house', 'pop dance', 'pop rap', 'tropical house']"
"502","1INuLZXjjVbcJRyWvD1iSq","Jack & Jack",1372603,"['australian pop', 'dance pop', 'pop', 'post-teen pop', 'social media pop', 'teen pop']"
"503","50OApTJurDusIo9dGTqSU4","Lilly Wood and The Prick",238446,"['french indie pop', 'french rock']"
"504","5H1nN1SzW0qNeUEZvuXjAj","Danny Ocean",4342381,"['pop venezolano', 'reggaeton', 'trap latino']"
"505","7mDU6nMUJnOSY2Hkjz5oqM","Roy Woods",888445,"['canadian contemporary r&b', 'canadian hip hop', 'pop rap', 'r&b', 'trap', 'trap soul']"
"506","4GvEc3ANtPPjt1ZJllr5Zl","Bazzi",5124336,"['dance pop', 'electropop', 'pop']"
"507","1RyvyyTE3xzB2ZywiAwp0i","Future",12110689,"['atl hip hop', 'rap', 'southern hip hop', 'trap']"
"508","7juKTDFlPesGeWQ1GmjmOv","Silentó",224635,"['chicago bop', 'pinoy hip hop']"
"509","7blkMNJv8n9ceP9zlA4W2U","Shawn Hook",61268,"['canadian pop']"
"510","1dSRKlg9rzvs63rhT8Sbpp","Moxie Raia",19640,"['indie poptimism']"
"511","2feDdbD5araYcm6JhFHHw7","Labrinth",2498510,"['indie poptimism', 'pop']"
"512","1BhWF9W2PngtPSyobKg0rP","Pia Mia",1793543,"['dance pop', 'pop', 'post-teen pop', 'r&b', 'uk pop', 'urban contemporary']"
"513","2HPaUgqeutzr3jx5a9WyDV","PARTYNEXTDOOR",4138298,"['pop', 'r&b', 'rap', 'toronto rap', 'trap', 'urban contemporary']"
"514","07QEuhtrNmmZ0zEcqE9SF6","Owl City",2259228,"['indietronica', 'pop', 'pop rock']"
"515","2DlGxzQSjYe5N6G9nkYghR","Jennifer Lopez",12205071,"['dance pop', 'pop', 'pop rap', 'urban contemporary']"
"516","6veh5zbFpm31XsPdjBgPER","BIA",370420,"['pop', 'r&b', 'rap', 'rap latina', 'trap queen']"
"517","5me0Irg2ANcsgc93uaYrpb","The Notorious B.I.G.",8025041,"['east coast hip hop', 'gangster rap', 'hardcore hip hop', 'hip hop', 'rap']"
"518","7pbDxGE6nQSZVfiFdq9lOL","Rex Orange County",4558498,"['bedroom pop', 'pop']"
"519","21E3waRsmPlU7jZsS13rcj","Ne-Yo",7403363,"['dance pop', 'pop', 'urban contemporary']"
"520","2P3cjUru4H3fhSXXNxE9kA","Blackstreet",673614,"['boy band', 'contemporary r&b', 'dance pop', 'hip hop', 'hip pop', 'neo soul', 'new jack swing', 'pop rap', 'quiet storm', 'r&b', 'urban contemporary']"
"521","7rkW85dBwwrJtlHRDkJDAC","NAV",3076713,"['canadian hip hop', 'canadian trap', 'hip hop', 'melodic rap', 'rap', 'toronto rap', 'trap']"
"522","36jaGQtMj5UWD0eO1fCVdD","Joel Adams",167451,"['australian pop', 'pop soul']"
"523","7CajNmpbOovFoOoasH2HaY","Calvin Harris",22819977,"['dance pop', 'edm', 'electro house', 'house', 'pop', 'progressive house', 'uk dance']"
"524","02A3cEvlLLCbIMVDrK2GHV","Starley",170317,"['aussietronica', 'australian pop', 'dance pop', 'deep tropical house', 'edm', 'electropop', 'pop dance', 'pop edm', 'tropical house', 'uk pop']"
"525","4ETSs924pXMzjIeD6E9b4u","Surfaces",866449,"['bedroom soul', 'pop']"
"526","7H6dkUChT5EoOQtUVMg4cN","Hunter Hayes",1160010,"['contemporary country', 'country', 'country road', 'neo mellow', 'pop', 'post-teen pop']"
"527","7bXgB6jMjp9ATFy66eO08Z","Chris Brown",16868785,"['dance pop', 'pop', 'r&b']"
"528","181bsRPaVXVlUKXrxwZfHK","Megan Thee Stallion",7034241,"['dance pop', 'houston rap', 'pop', 'rap', 'trap queen']"
"529","7o9Nl7K1Al6NNAHX6jn6iG","Travie McCoy",345018,"['pop rap']"
"530","4LLpKhyESsyAXpc4laK94U","Mac Miller",7958058,"['hip hop', 'pittsburgh rap', 'rap']"
"531","28y6CyJNkGNjJQKrlx4AmN","HRVY",1570700,"['australian pop', 'dance pop', 'pop', 'pop dance', 'post-teen pop', 'tropical house', 'uk pop']"
"532","14rP13jdQNgQvuPA2AkBgm","Glades",81902,"['alt z', 'electropop', 'indie electropop', 'indie poptimism', 'metropopolis', 'uk pop']"
"533","5CiGnKThu5ctn9pBxv7DGa","benny blanco",995604,"['dance pop', 'electropop', 'pop', 'pop rap']"
"534","7BMccF0hQFBpP6417k1OtQ","Action Bronson",722587,"['alternative hip hop', 'east coast hip hop', 'escape room', 'hip hop', 'nyc rap', 'queens hip hop', 'rap', 'southern hip hop', 'underground hip hop']"
"535","1Xyo4u8uXC1ZmMpatF05PJ","The Weeknd",49387909,"['canadian contemporary r&b', 'canadian pop', 'pop']"
"536","6Ip8FS7vWT1uKkJSweANQK","Dave",2522636,"['uk hip hop']"
"537","2tIP7SsRs7vjIcLrU85W8J","The Kid LAROI",3981889,"['australian hip hop', 'pop']"
"538","7n2Ycct7Beij7Dj7meI4X0","TWICE",14818846,"['k-pop', 'k-pop girl group']"
"539","49tQo2QULno7gxHutgccqF","LANY",4973786,"['la pop', 'pop']"
"540","3bmFPbLMiLxtR9tFrTcKcP","Matthew Wilder",35412,"['new wave pop']"
"541","0q2lY1ZzFckzciuoMtUvck","Canaan Smith",319764,"['contemporary country', 'country', 'country pop', 'country road', 'modern country rock']"
"542","2VSHKHBTiXWplO8lxcnUC9","GAYLE",522019,"['modern alternative pop']"
"543","0vR2qb8m9WHeZ5ByCbimq2","Reik",7580514,"['latin arena pop', 'latin pop', 'mexican pop']"
"544","6RedK3o51NbUJuJxXlT4kj","88-Keys",23521,"['alternative hip hop']"
"545","4AVFqumd2ogHFlRbKIjp1t","Alesso",3845777,"['dance pop', 'edm', 'electro house', 'pop', 'pop dance', 'tropical house']"
"546","3QTDHixorJelOLxoxcjqGx","SiR",723805,"['alternative r&b', 'hip hop', 'indie soul', 'la pop', 'r&b', 'rap']"
"547","5Nf5yishRW9Ye174sJISkg","London On Da Track",60093,"['atl hip hop']"
"548","2hPgGN4uhvXAxiXQBIXOmE","KIDS SEE GHOSTS",890757,"['hip hop', 'rap']"
"549","6eUKZXaKkcviH0Ku9w2n3V","Ed Sheeran",102156853,"['pop', 'uk pop']"
"550","6UCQYrcJ6wab6gnQ89OJFh","Headie One",421763,"['uk hip hop']"
"551","6Dd3NScHWwnW6obMFbl1BH","Daya",1420042,"['alt z', 'dance pop', 'edm', 'electropop', 'pop', 'pop dance', 'post-teen pop', 'tropical house', 'uk pop']"
"552","2Sqr0DXoaYABbjBo9HaMkM","Sara Bareilles",1830698,"['acoustic pop', 'hollywood', 'lilith', 'neo mellow', 'pop', 'pop rock']"
"553","3NPpFNZtSTHheNBaWC82rB","X Ambassadors",2699507,"['modern alternative rock', 'modern rock', 'pop', 'pop rap', 'pop rock', 'rock', 'stomp pop']"
"554","4xnMDfgEmXZEEDdITKcGuE","Audien",170268,"['edm', 'electro house', 'pop dance', 'pop edm', 'progressive electro house', 'progressive house', 'tropical house']"
"555","5fyvTyetDr7gvLafBsEEhU","Shordie Shordie",173797,"['baltimore hip hop', 'cali rap', 'pop rap', 'viral rap']"
"556","47z7ZrgFoBvVpCnElCE3Zh","Yellow Claw",1009262,"['edm', 'electro house', 'electronic trap', 'pop dance']"
"557","1IELhvOMg5VQlU7syRm6CS","CAZZETTE",332787,"['complextro', 'edm', 'electro house', 'pop dance', 'pop edm', 'progressive electro house', 'progressive house', 'tropical house']"
"558","4RnBFZRiMLRyZy0AzzTg2C","Run The Jewels",993613,"['escape room', 'hip hop', 'political hip hop']"
"559","7jVv8c5Fj3E9VhNjxT4snq","Lil Nas X",11793779,"['lgbtq+ hip hop', 'pop']"
"560","1QAJqy2dA3ihHBFIHRphZj","Cigarettes After Sex",4798187,"['ambient pop', 'dream pop', 'el paso indie', 'shoegaze']"
"561","5JSXWmQO8csVUy6hSRu8TA","Maty Noyes",260017,"['alt z', 'electropop', 'indie electropop', 'indie poptimism', 'uk pop']"
"562","6Iz3eq2aQGFf7TbGT2iahL","Gabby Barrett",241749,"['contemporary country', 'country', 'country pop']"
"563","0ojcq9LJQWMawQdFDw3M0L","Donnie Trumpet & The Social Experiment",185363,"['pop soul']"
"564","7iZtZyCzp3LItcw1wtPI3D","Rae Sremmurd",6924845,"['hip hop', 'melodic rap', 'mississippi hip hop', 'pop rap', 'rap', 'southern hip hop', 'trap']"
"565","1MXZ0hsGic96dWRDKwAwdr","Tyla Yaweh",464495,"['cali rap', 'melodic rap', 'pop rap', 'rap', 'trap']"
"566","4Gso3d4CscCijv0lmajZWs","Don Toliver",2274041,"['pop', 'rap', 'trap']"
"567","2qc41rNTtdLK0tV3mJn2Pm","Ryan Adams",543402,"['alternative country', 'indie rock', 'neo mellow', 'new americana', 'pop rock', 'roots rock', 'singer-songwriter', 'stomp and holler']"
"568","5lpH0xAS4fVfLkACg9DAuM","Wham!",2020300,"['dance pop', 'disco', 'europop', 'mellow gold', 'new romantic', 'new wave', 'new wave pop', 'soft rock', 'synthpop']"
"569","7gWumE1wMALHXANLSIt054","Dreezy",669167,"['alternative r&b', 'chicago rap', 'drill', 'escape room', 'pop r&b', 'r&b', 'trap queen', 'viral rap']"
"570","7z5WFjZAIYejWy0NI5lv4T","Dan + Shay",2739071,"['contemporary country', 'country', 'country road', 'pop']"
"571","4jpsw9CQS439N0B7SecMgf","Ant Saunders",84882,"['chill r&b', 'pop']"
"572","4Q6nIcaBED8qUel8bBx6Cr","Jax Jones",1053552,"['dance pop', 'edm', 'house', 'pop', 'pop dance', 'pop rap', 'tropical house', 'uk dance', 'uk pop']"
"573","1m7LSAMIB1BErIHYSOn32W","DJ Scheme",208235,"['underground hip hop', 'vapor trap', 'viral rap']"
"574","3Rx4PJ7SP6unkOk5elPUK7","Money Man",461822,"['memphis hip hop', 'rap', 'southern hip hop', 'trap']"
"575","2J0JN7EFN10G1Tty6hX0AN","DJ ESCO",279401,"['atl hip hop', 'rap', 'southern hip hop', 'trap']"
"576","3wVXTWabe3viT0jF7DfjOL","Vedo",348176,"['pop r&b', 'pop rap', 'r&b']"
"577","4ofCBoyEiGSePFAG500xev","Regard",193991,"['dance pop', 'edm', 'electro house', 'pop', 'pop dance', 'pop edm', 'slap house', 'tropical house']"
"578","6oWOHAOyBUn6aJlKIPJK9r","Leah Kate",114074,"['alt z', 'pop', 'uk pop']"
"579","23zg3TcAtWQy7J6upgbUnj","Usher",9973798,"['atl hip hop', 'contemporary r&b', 'dance pop', 'pop', 'r&b', 'south carolina hip hop', 'urban contemporary']"
"580","15UsOTVnJzReFVN1VCnxy4","XXXTENTACION",37935983,"['emo rap', 'miami hip hop']"
"581","3FUY2gzHeIiaesXtOAdB7A","Train",4115397,"['dance pop', 'neo mellow', 'pop', 'pop rock']"
"582","2rhFzFmezpnW82MNqEKVry","Ski Mask The Slump God",5090541,"['miami hip hop', 'rap']"
"583","4njdEjTnLfcGImKZu1iSrz","AWOLNATION",2058230,"['la indie', 'modern alternative rock', 'modern rock', 'rock', 'stomp pop']"
"584","00FQb4jTyendYWaN8pK0wa","Lana Del Rey",17713208,"['art pop', 'pop']"
"585","4V8Sr092TqfHkfAA5fXXqG","Luis Fonsi",10572568,"['latin pop', 'puerto rican pop']"
"586","5pKCCKE2ajJHZ9KAiaK11H","Rihanna",50002769,"['barbadian pop', 'dance pop', 'pop', 'urban contemporary']"
"587","0vRvGUQVUjytro0xpb26bs","Arizona Zervas",684794,"['pop', 'pop rap', 'rhode island rap', 'viral rap']"
"588","2SrSdSvpminqmStGELCSNd","Stormzy",2538292,"['grime', 'uk hip hop']"
"589","1rw8ZTLnDHd74TWDDukjVi","Conrad Sewell",106717,"['australian pop']"
"590","2FXC3k01G6Gw61bmprjgqS","Hozier",5206690,"['irish singer-songwriter', 'pop']"
"591","1IueXOQyABrMOprrzwQJWN","Sigala",1459781,"['dance pop', 'edm', 'house', 'pop', 'pop dance', 'tropical house', 'uk pop']"
"592","5lHRUCqkQZCIWeX7xG4sYT","Rich Homie Quan",2631061,"['atl hip hop', 'pop rap', 'rap', 'southern hip hop', 'trap']"
"593","3AA28KZvwAUcZuOKwyblJQ","Gorillaz",9241116,"['alternative hip hop']"
"594","2msPoIYdnKVeuOOM960FC2","Sofia Karlberg",244796,"['channel pop', 'viral pop']"
"595","6nS5roXSAGhTGr34W6n7Et","Disclosure",2057222,"['edm', 'house', 'pop', 'uk dance', 'uk pop']"
"596","5jAMCwdNHWr7JThxtMuEyy","NOTD",243925,"['dance pop', 'edm', 'electro house', 'electropop', 'pop', 'pop dance', 'tropical house', 'uk pop']"
"597","64aJYyrXljOodnUG6jvhRD","DJ Luian",1622539,"['latin hip hop', 'reggaeton', 'reggaeton flow', 'trap latino']"
"598","50JJSqHUf2RQ9xsHs0KMHg","Jon Bellion",1313678,"['pop rap']"
"599","0NGAZxHanS9e0iNHpR8f2W","Alok",11765605,"['electro house', 'pop nacional', 'slap house']"
"600","1Xylc3o4UrD53lo9CvFvVg","Zara Larsson",10363452,"['dance pop', 'edm', 'electropop', 'pop', 'pop dance', 'post-teen pop', 'scandipop', 'swedish electropop', 'swedish pop', 'tropical house', 'uk pop']"
"601","3MdXrJWsbVzdn6fe5JYkSQ","Latto",874990,"['pop', 'rap', 'trap queen']"
"602","13ubrt8QOOCPljQ2FL1Kca","A$AP Rocky",11299781,"['east coast hip hop', 'hip hop', 'rap']"
"603","2uYWxilOVlUdk4oV9DvwqK","Mitski",3614696,"['brooklyn indie', 'pop']"
"604","23DYJsw4uSCguIqiTIDtcN","Southside",63794,"['atl hip hop']"
"605","5v8jlSmAQfrkTjAlpUfWtu","Perry Como",420969,"['adult standards', 'brill building pop', 'easy listening', 'lounge', 'vocal jazz']"
"606","0A0FS04o6zMoto8OKPsDwY","YG",2918600,"['cali rap', 'gangster rap', 'hip hop', 'pop rap', 'rap', 'southern hip hop', 'trap']"
"607","3XxNRirzbjfLdDli06zMaB","Eyedress",879881,"['noise pop']"
"608","3tVQdUvClmAT7URs9V3rsp","Wizkid",2618610,"['afro dancehall', 'afropop', 'azonto', 'nigerian hip hop', 'nigerian pop']"
"609","6kIgB5cLdAQ1ctIgs9lrkS","Shaun Reynolds",11110,"['viral pop']"
"610","6vXTefBL93Dj5IqAWq6OTv","French Montana",4648251,"['gangster rap', 'hip hop', 'pop rap', 'rap', 'southern hip hop', 'trap']"
"611","2gsggkzM5R49q6jpPvazou","Jessie J",10317145,"['dance pop', 'pop', 'pop rap', 'post-teen pop', 'uk pop']"
"612","3vHV92ecrylnUHDM4d2MtC","Tyler Farr",678976,"['contemporary country', 'country', 'country pop', 'country road', 'modern country rock', 'redneck']"
"613","0FOWNUFHPnMy0vOw1siGqi","Belly",227787,"['canadian hip hop', 'canadian trap', 'pop rap', 'rap', 'trap']"
"614","56mfhUDKa1vec6rSLZV5Eg","Jawsh 685",107758,"['nz pop']"
"615","1U1el3k54VvEUzo3ybLPlM","Kali Uchis",3166377,"['colombian pop', 'pop']"
"616","4AGwPDdh1y8hochNzHy5HC","RAC",156329,"['alternative dance', 'electropop', 'indie poptimism', 'indie rock', 'indietronica', 'metropopolis', 'modern rock', 'vapor soul']"
"617","2hlmm7s2ICUX0LVIhVFlZQ","Gunna",4558790,"['atl hip hop', 'melodic rap', 'rap', 'trap']"
"618","5XKFrudbV4IiuE5WuTPRmT","Stephen Sanchez",211223,"['gen z singer-songwriter', 'pop']"
"619","4NZvixzsSefsNiIqXn0NDe","Maggie Rogers",866455,"['indie pop', 'pop']"
"620","4OBJLual30L7gRl5UkeRcT","T.I.",4332136,"['atl hip hop', 'dance pop', 'dirty south rap', 'gangster rap', 'hip hop', 'pop rap', 'rap', 'southern hip hop', 'trap']"
"621","21UPYSRWFKwtqvSAnFnSvS","Amaarae",137363,"['afro r&b', 'alternative r&b', 'ghanaian alternative', 'ghanaian pop']"
"622","1uU7g3DNSbsu0QjSEqZtEd","Masked Wolf",604186,"['australian hip hop']"
"623","1MIVXf74SZHmTIp4V4paH4","Mabel",1667921,"['dance pop', 'edm', 'pop', 'pop dance', 'post-teen pop', 'tropical house', 'uk pop']"
"624","47MpMsUfWtgyIIBEFOr4FE","Lunay",7253905,"['latin hip hop', 'latin pop', 'reggaeton', 'reggaeton flow', 'trap latino']"
"625","19k8AgwwTSxeaxkOuCQEJs","Jelly Roll",1477176,"['country rap', 'nashville hip hop', 'tennessee hip hop']"
"626","1ZwdS5xdxEREPySFridCfh","2Pac",13505422,"['g funk', 'gangster rap', 'hip hop', 'rap', 'west coast rap']"
"627","59wfkuBoNyhDMQGCljbUbA","Diddy",1355786,"['dance pop', 'east coast hip hop', 'hip hop', 'hip pop', 'pop rap', 'r&b', 'rap']"
"628","3r17AfJCCUqC9Lf0OAc73G","Fergie",5080656,"['dance pop', 'pop', 'post-teen pop', 'rap', 'urban contemporary']"
"629","4PVn1b2WnnXdq80C7uaZLZ","Nause",195298,"['edm', 'pop dance', 'progressive electro house', 'swedish pop']"
"630","0g9vAlRPK9Gt3FKCekk4TW","Ab-Soul",939109,"['alternative hip hop', 'conscious hip hop', 'escape room', 'hip hop', 'rap', 'southern hip hop', 'underground hip hop']"
"631","1KCSPY1glIKqW2TotWuXOR","P!nk",13648844,"['dance pop', 'pop']"
"632","55fhWPvDiMpLnE4ZzNXZyW","Noah Cyrus",1021256,"['dance pop', 'pop', 'post-teen pop']"
"633","1thbOfXak53dM1Xabq3pmb","Delacey",39042,"['modern alternative pop']"
"634","6KImCVD70vtIoJWnq6nGn3","Harry Styles",23284667,"['pop']"
"635","0QHgL1lAIqAw0HtD7YldmP","DJ Khaled",8319650,"['hip hop', 'miami hip hop', 'pop', 'pop rap', 'rap', 'southern hip hop', 'trap']"
"636","50co4Is1HCEo8bhOyUWKpn","Young Thug",7455539,"['atl hip hop', 'atl trap', 'gangster rap', 'hip hop', 'melodic rap', 'pop rap', 'rap', 'southern hip hop', 'trap']"
"637","3tQx1LPXbsYjE9VwN1Peaa","Marc E. Bassy",400395,"['pop', 'pop rap', 'r&b']"
"638","4LcUpNlXFEleaLlelmkv2R","Kris Kross Amsterdam",178458,"['dutch house', 'dutch pop']"
"639","21WS9wngs9AqFckK7yYJPM","PnB Rock",3484324,"['melodic rap', 'pop', 'pop rap', 'rap', 'trap']"
"640","3b8QkneNDz4JHKKKlLgYZg","Florida Georgia Line",4896828,"['contemporary country', 'country', 'country pop', 'country road', 'modern country rock']"
"641","1Zp054Jc86WVKCxKEqZGOA","Jack Garratt",352486,"['uk alternative pop', 'uk pop']"
"642","7hOGhpa8RMSuDOWntGIAJt","A R I Z O N A",391057,"['electropop', 'indie poptimism', 'pop', 'pop dance', 'tropical house', 'uk pop']"
"643","1mcTU81TzQhprhouKaTkpq","Rauw Alejandro",13643957,"['puerto rican pop', 'trap latino']"
"644","3rWZHrfrsPBxVy692yAIxF","WILLOW",2234179,"['afrofuturism', 'pop', 'post-teen pop']"
"645","5fmvGUlMVgmnCn45f1he7d","Andrew Gold",52029,"['soft rock', 'underground power pop']"
"646","4iDroUFo89Y7YBsdDTBmTD","Sueco",473373,"['cali rap', 'pop rap']"
"647","0haZhu4fFKt0Ag94kZDiz2","Sofía Reyes",2652272,"['dance pop', 'latin pop', 'mexican pop', 'reggaeton']"
"648","73sIBHcqh3Z3NyqHKZ7FOL","Childish Gambino",9784282,"['atl hip hop', 'hip hop', 'pop', 'rap']"
"649","3g2kUQ6tHLLbmkV7T4GPtL","Fiona Apple",1049144,"['art pop', 'chamber pop', 'dark pop', 'indie pop', 'lilith', 'permanent wave', 'piano rock', 'singer-songwriter']"
"650","26VFTg2z8YR0cCuwLzESi2","Halsey",18336232,"['dance pop', 'electropop', 'etherpop', 'indie poptimism', 'pop']"
"651","7tYKF4w9nC0nq9CsPZTHyP","SZA",8374364,"['pop', 'r&b', 'rap']"
"652","16oZKvXb6WkQlVAjwo2Wbg","The Lumineers",4861206,"['folk-pop', 'stomp and holler']"
"653","2RdwBSPQiwcmiDo9kixcl8","Pharrell Williams",4018182,"['hip hop', 'pop']"
"654","28ExwzUQsvgJooOI0X1mr3","Jay Rock",1290034,"['conscious hip hop', 'gangster rap', 'hip hop', 'pop rap', 'rap', 'southern hip hop', 'trap', 'underground hip hop']"
"655","20qISvAhX20dpIbOOzGK3q","Nas",2963116,"['conscious hip hop', 'east coast hip hop', 'gangster rap', 'hardcore hip hop', 'hip hop', 'queens hip hop', 'rap']"
"656","3tlXnStJ1fFhdScmQeLpuG","Brent Faiyaz",2716447,"['dmv rap', 'hip hop', 'pop', 'r&b', 'rap']"
"657","04abdnqPQe2N4fjztDea6z","Austin Mahone",1989356,"['dance pop', 'pop', 'post-teen pop', 'viral pop']"
"658","5IbEL2xjRtKsunfmsahLuO","$NOT",1164155,"['aesthetic rap', 'florida rap', 'rap', 'underground hip hop']"
"659","26cMerAxjx9GedFt0lMDjm","Bella Poarch",854059,"['modern alternative pop']"
"660","5LHRHt1k9lMyONurDHEdrp","Tyga",6638519,"['dance pop', 'hip hop', 'pop rap', 'rap', 'southern hip hop', 'trap']"
"661","6VxCmtR7S3yz4vnzsJqhSV","Sheppard",270154,"['australian indie', 'australian pop', 'folk-pop', 'neo mellow', 'pop', 'pop rock', 'uk pop']"
"662","1VBflYyxBhnDc9uVib98rw","Icona Pop",683067,"['candy pop', 'dance pop', 'edm', 'electropop', 'metropopolis', 'pop', 'swedish electropop', 'swedish synthpop', 'uk pop']"
"663","3IaqL9bsZtYJkqNLiovVho","Handsome Ghost",69675,"['hopebeat', 'indie electropop', 'indie poptimism', 'indiecoustica', 'nyc pop']"
"664","4DdkRBBYG6Yk9Ka8tdJ9BW","Offset",2423459,"['atl hip hop', 'hip hop', 'pop rap', 'rap', 'southern hip hop', 'trap']"
"665","4vhNDa5ycK0ST968ek7kRr","Carlos Vives",5504702,"['champeta', 'colombian pop', 'latin pop', 'tropical', 'vallenato']"
"666","1bT7m67vi78r2oqvxrP3X5","Naughty Boy",321853,"['uk contemporary r&b', 'uk pop']"
"667","4AcHt3JxKy59IX7JNNlZn4","Fitz and The Tantrums",788661,"['la indie', 'modern alternative rock', 'modern rock', 'pop rock', 'rock']"
"668","4u5smJBskI6Adzv08PuiUP","Kiiara",865133,"['alt z', 'dance pop', 'electropop', 'indie poptimism', 'pop', 'post-teen pop', 'uk pop']"
"669","6fOMl44jA4Sp5b9PpYCkzz","NF",7430819,"['hip hop', 'pop rap', 'rap']"
"670","787bCXOIvGeBw0Bc4kEjhD","Luke Christopher",165884,"['indie pop rap', 'pop rap']"
"671","55Aa2cqylxrFIXC767Z865","Lil Wayne",12587804,"['hip hop', 'new orleans rap', 'pop rap', 'rap', 'trap']"
"672","15iVAtD3s3FsQR4w1v6M0P","Chief Keef",3439081,"['chicago bop', 'chicago drill', 'chicago rap', 'drill', 'hip hop', 'rap', 'southern hip hop', 'trap', 'underground hip hop']"
"673","23IZADrJHPStZ6aMxJVq3s","Jarryd James",109565,"['australian alternative pop', 'australian r&b']"
"674","0JOxt5QOwq0czoJxvSc5hS","GASHI",223285,"['pop rap', 'trap soul']"
"675","3Y3xIwWyq5wnNHPp5gPjOW","Kenny Loggins",888507,"['album rock', 'mellow gold', 'new wave pop', 'soft rock', 'yacht rock']"
"676","3q9nybxzbSHsesDBHUlP4c","Coleman Hell",67696,"['canadian pop', 'indie poptimism', 'pop rock']"
"677","6hj2p7pzusn5Fcdi35Yedr","$ilkMoney",50069,"['underground hip hop']"
"678","085pc2PYOi8bGKj0PNjekA","will.i.am",3831824,"['dance pop', 'pop', 'pop rap']"
"679","4IVAbR2w4JJNJDDRFP3E83","6LACK",3635051,"['atl hip hop', 'hip hop', 'melodic rap', 'r&b', 'rap', 'trap']"
"680","4EzkuveR9pLvDVFNx6foYD","James Bay",3713415,"['neo mellow', 'pop', 'uk pop']"
"681","4tYSBptyGeVyZsk8JC4JHZ","Shoreline Mafia",1021485,"['cali rap', 'trap', 'underground hip hop', 'viral rap']"
"682","1nzgtKYFckznkcVMR3Gg4z","KSI",2452975,"['uk hip hop']"
"683","0ZrpamOxcZybMHGg1AYtHP","Robin Thicke",1884277,"['contemporary r&b', 'dance pop', 'hip pop', 'neo soul', 'r&b', 'urban contemporary']"
"684","6U1dBXJhC8gXFjamvFTmHg","Zac Efron",751236,"['hollywood', 'pop', 'post-teen pop', 'show tunes']"
"685","4zxvC7CRGvggq9EWXOpwAo","Kiesza",286134,"['electropop', 'pop edm']"
"686","7tjbDPvrdvDshcpEMXKRVb","Gerry Rafferty",272615,"['album rock', 'art rock', 'classic rock', 'classic uk pop', 'folk rock', 'mellow gold', 'singer-songwriter', 'soft rock']"
"687","3iri9nBFs9e4wN7PLIetAw","gnash",1583494,"['pop']"
"688","3hcs9uc56yIGFCSy9leWe7","Lil Durk",4537095,"['chicago drill', 'chicago rap', 'drill', 'hip hop', 'rap', 'trap']"
"689","3Gm5F95VdRxW3mqCn8RPBJ","Aminé",1806196,"['hip hop', 'pop', 'portland hip hop', 'rap']"
"690","1gl0S9pS0Zw0qfa14rDD3D","Surf Curse",786611,"['dreamo', 'indie pop', 'indie surf', 'surf punk', 'vegas indie']"
"691","0jPnVIasXzBYjrlpO5irii","Ingrid Andress",106131,"['contemporary country', 'country', 'country pop']"
"692","6DIS6PRrLS3wbnZsf7vYic","WALK THE MOON",1951754,"['dance rock', 'indie poptimism', 'modern alternative rock', 'modern rock', 'pop rock', 'rock']"
"693","0Y5tJX1MQlPlqiwlOH1tJY","Travis Scott",20990560,"['hip hop', 'rap', 'slap house']"
"694","4rTv3Ejc7hKMtmoBOK1B4T","Ali Gatie",1948195,"['canadian hip hop', 'pop']"
"695","0xOeVMOz2fVg5BJY3N6akT","Jaden",1803235,"['pop', 'rap']"
"696","3Nrfpe0tUJi4K4DXYWgMUX","BTS",54532917,"['k-pop', 'k-pop boy group']"
"697","66CXWjxzNUsdJxJ2JdwvnR","Ariana Grande",83045090,"['dance pop', 'pop']"
"698","2jw70GZXlAI8QzWeY2bgRc","Nelly Furtado",3207679,"['canadian latin', 'canadian pop', 'dance pop', 'pop', 'pop rap']"
"699","3gGUMEwIX6XodWsYEvKSal","YBN Nahmir",2887989,"['alabama rap', 'rap', 'trap', 'underground hip hop', 'vapor trap', 'viral rap']"
"700","2WzaAvm2bBCf4pEhyuDgCY","Ruth B.",2209651,"['alt z', 'canadian contemporary r&b', 'canadian pop', 'pop']"
"701","1Cs0zKBU1kc0i8ypK3B9ai","David Guetta",24692289,"['big room', 'dance pop', 'edm', 'pop', 'pop dance']"
"702","1peH5tSqnYm8W6Bo3I5egE","Kat Dahlia",293234,"['hip pop', 'miami hip hop']"
"703","2dd5mrQZvg6SmahdgVKDzh","PSY",1498696,"['k-pop', 'k-rap', 'korean old school hip hop']"
"704","4sTQVOfp9vEMCemLw50sbu","Galantis",3263932,"['dance pop', 'edm', 'electro house', 'pop', 'pop dance', 'tropical house']"
"705","36KsCCwgI0Dep97yVJWmkK","Monsieur Periné",524744,"['colombian pop', 'gypsy jazz', 'latin alternative', 'latin pop', 'latin rock']"
"706","6Dy7Ex5zlTLgXbsB92rPji","iSHi",7521,"['swedish pop']"
"707","2LIk90788K0zvyj2JJVwkJ","Jack Harlow",2532786,"['deep underground hip hop', 'kentucky hip hop', 'pop']"
"708","0gadJ2b9A4SKsB1RFkBb66","Passenger",3029092,"['folk-pop', 'neo mellow']"
"709","7gXy60xRcwYujBFoYHnR2O","Big Red Machine",131263,"['eau claire indie', 'folktronica', 'indie folk', 'indie pop', 'indie rock']"
"710","2S9W9aSAd7e5mp8WqWxN2h","Hilary Duff",2150239,"['dance pop', 'pop', 'post-teen pop']"
"711","02kJSzxNuaWGqwubyUba0Z","G-Eazy",5094191,"['indie pop rap', 'oakland hip hop', 'pop', 'pop rap', 'rap']"
"712","7LvoDJUNGnOrPdGRzVtOJ9","Young M.A",1313101,"['alternative r&b', 'lgbtq+ hip hop', 'nyc rap', 'pop rap', 'rap', 'trap']"
"713","6P5NO5hzJbuOqSdyPB7SJM","Ashe",1186377,"['alt z', 'electropop', 'pop']"
"714","5F1aAS1duwlzExnPs3l2Xe","Pooh Shiesty",971451,"['memphis hip hop', 'rap', 'tennessee hip hop', 'trap']"
"715","6p5JxpTc7USNnBnLzctyd4","Phillip Phillips",997798,"['folk-pop', 'neo mellow', 'pop rock']"
"716","1o2NpYGqHiCq7FoiYdyd1x","Bea Miller",2750616,"['alt z', 'dance pop', 'electropop', 'indie poptimism', 'pop', 'post-teen pop', 'talent show', 'uk pop']"
"717","2PaRhxWFaqCUZybJDDoNrf","Jana Kramer",423901,"['contemporary country', 'country', 'country dawn', 'country pop', 'country road', 'modern country rock']"
"718","64KEffDW9EtZ1y2vBYgq8T","Marshmello",34229273,"['brostep', 'dance pop', 'edm', 'pop', 'pop dance', 'progressive electro house']"
"719","3E6xrwgnVfYCrCs0ePERDz","Wisin",8148576,"['latin hip hop', 'reggaeton', 'trap latino']"
"720","3V0ZQW0dNuVaFtbVYgSI24","Claire Rosinkranz",317711,"['indie pop', 'modern indie pop', 'pop']"
"721","0imE3buPhAowREqCrr4CYe","Peach Tree Rascals",203891,"['pop']"
"722","4dpARuHxo51G3z768sgnrY","Adele",42174621,"['british soul', 'pop', 'pop soul', 'uk pop']"
"723","0ZED1XzwlLHW4ZaG4lOT6m","Julia Michaels",4541950,"['alt z', 'dance pop', 'electropop', 'pop', 'post-teen pop']"
"724","6qqNVTkY8uBg9cP3Jd7DAH","Billie Eilish",68407227,"['art pop', 'electropop', 'pop']"
"725","1l7ZsJRRS8wlW3WfJfPfNS","Christina Aguilera",7115205,"['dance pop', 'pop', 'post-teen pop']"
"726","5ivCbtrcD5N4rD337xIb2z","MisterWives",419230,"['electropop', 'indie pop', 'indie poptimism', 'modern rock', 'nyc pop', 'pop', 'pop rock']"
"727","2dIgFjalVxs4ThymZ67YCE","Stray Kids",8946573,"['k-pop', 'k-pop boy group']"
"728","0OO76E5lRfeyBI3fkA73Dr","siouxxie sixxsta",158148,"['glitchcore', 'hyperpop', 'sped up', 'viral rap']"
"729","6ueGR6SWhUJfvEhqkvMsVs","Janelle Monáe",1247940,"['afrofuturism', 'alternative r&b', 'atl hip hop', 'electropop', 'escape room', 'neo soul', 'r&b']"
"730","3HiuzBlSW7pGDXlSFMhO2g","Young Dolph",2188566,"['gangster rap', 'hip hop', 'memphis hip hop', 'rap', 'southern hip hop', 'tennessee hip hop', 'trap']"
"731","0ZUvK7zGdXLd78mQr3t1Tw","Ricky Montgomery",1273411,"['indie pop', 'la indie', 'pop']"
"732","0NWbwDZY1VkRqFafuQm6wk","Mike WiLL Made-It",1425594,"['atl hip hop', 'pop rap', 'rap', 'southern hip hop', 'trap', 'underground hip hop']"
"733","3e7awlrlDSwF3iM0WBjGMp","Little Mix",10712654,"['dance pop', 'girl group', 'pop', 'post-teen pop', 'talent show', 'uk pop']"
"734","67MNhiAICFY6Pwc2YxCO0K","Elley Duhé",315518,"['alt z', 'pop']"
"735","2W8yFh0Ga6Yf3jiayVxwkE","Dove Cameron",3730603,"['pop', 'post-teen pop']"
"736","6jJ0s89eD6GaHleKKya26X","Katy Perry",22399985,"['dance pop', 'pop']"
"737","6If57j6e3TXXk0HiLcIZca","Sevyn Streeter",1227623,"['alternative r&b', 'dance pop', 'hip pop', 'indie r&b', 'pop r&b', 'pop rap', 'r&b', 'trap queen', 'urban contemporary']"
"738","2hejA1Dkf8v8R0koF44FvW","Gera MX",3528221,"['mexican hip hop', 'rap conciencia']"
"739","3QLIkT4rD2FMusaqmkepbq","Rachel Platten",848366,"['dance pop', 'neo mellow', 'pop', 'pop rock', 'post-teen pop']"
"740","70kkdajctXSbqSMJbQO424","Kacey Musgraves",1165679,"['country dawn', 'pop', 'texas country']"
"741","3kjuyTCjPG1WMFCiyc5IuB","Arcade Fire",2123917,"['baroque pop', 'canadian indie', 'indie rock', 'modern rock', 'permanent wave', 'quebec indie', 'rock']"
"742","2o5jDhtHVPhrJdv3cEQ99Z","Tiësto",6497410,"['big room', 'brostep', 'dance pop', 'dutch edm', 'edm', 'house', 'pop', 'pop dance', 'slap house', 'trance', 'tropical house']"
"743","0YrtvWJMgSdVrk3SfNjTbx","Death Cab for Cutie",1397383,"['indie pop', 'indie rock', 'modern rock', 'pop rock', 'washington indie']"
"744","2sil8z5kiy4r76CRTXxBCA","The Goo Goo Dolls",2320438,"['neo mellow', 'permanent wave', 'pop rock']"
"745","6VD4UEUPvtsemqD3mmTqCR","Deorro",1195407,"['dance pop', 'edm', 'electro house', 'melbourne bounce', 'melbourne bounce international', 'pop dance', 'progressive electro house']"
"746","3ApUX1o6oSz321MMECyIYd","Quinn XCII",715592,"['electropop', 'indie pop rap', 'pop', 'pop rap']"
"747","3TVXtAsR1Inumwj472S9r4","Drake",66852536,"['canadian hip hop', 'canadian pop', 'hip hop', 'rap', 'toronto rap']"
"748","6DPYiyq5kWVQS4RGwxzPC7","Dr. Dre",7932231,"['g funk', 'gangster rap', 'hip hop', 'rap', 'west coast rap']"
"749","0lAWpj5szCSwM4rUMHYmrr","Måneskin",6189030,"['indie rock italiano', 'italian pop']"
"750","1CoZyIx7UvdxT5c8UkMzHd","Jorja Smith",2844582,"['pop', 'r&b', 'uk contemporary r&b', 'uk pop']"
"751","3gIRvgZssIb9aiirIg0nI3","Jeremy Zucker",2021467,"['electropop', 'pop']"
"752","2wY79sveU1sp5g7SokKOiI","Sam Smith",20100976,"['dance pop', 'pop', 'uk pop']"
"753","1VPmR4DJC1PlOtd0IADAO0","$uicideboy$",4561646,"['dark trap', 'new orleans rap', 'underground hip hop']"
"754","3RqBeV12Tt7A8xH3zBDDUF","Kelsea Ballerini",934954,"['contemporary country', 'country', 'pop']"
"755","5Berubt6ysOy2LCMyqhmXP","YFN Lucci",2197468,"['arkansas hip hop', 'atl hip hop', 'melodic rap', 'pop rap', 'rap', 'southern hip hop', 'trap']"
"756","5QatamYwvUTOmMHW6WA0AG","Terror Jr",200076,"['alt z', 'electropop', 'indie electropop', 'indie poptimism', 'metropopolis', 'pop', 'uk pop']"
"757","55RI2GNCfyXr0f14uIdhwd","A Thousand Horses",71696,"['contemporary country', 'country pop', 'modern country rock']"
"758","0RESbWvOMyua0yuyVrztJ5","Key Glock",1317174,"['hip hop', 'memphis hip hop', 'rap', 'southern hip hop', 'tennessee hip hop', 'trap']"
"759","7r8RF1tN2A4CiGEplkp1oP","Ginuwine",2261666,"['contemporary r&b', 'dance pop', 'hip hop', 'hip pop', 'neo soul', 'r&b', 'urban contemporary']"
"760","1GxkXlMwML1oSg5eLPiAz3","Michael Bublé",5435112,"['adult standards', 'canadian pop', 'jazz pop', 'lounge']"
"761","6nxWCVXbOlEVRexSbLsTer","Flume",2305308,"['australian dance', 'australian electropop', 'australian indie', 'downtempo', 'edm']"
"762","3klZnJvYGIbWritVwQD434","Duncan Laurence",428264,"['dutch pop']"
"763","5dHt1vcEm9qb8fCyLcB3HL","A$AP Ferg",3344860,"['gangster rap', 'hip hop', 'pop rap', 'rap', 'southern hip hop', 'trap', 'underground hip hop']"
"764","4FqPRilb0Ja0TKG3RS3y4s","Steve Angello",573884,"['disco house', 'edm', 'electro house', 'house', 'pop dance', 'progressive electro house', 'progressive house']"
"765","7tjVFCxJdwT4NdrTmjyjQ6","Muni Long",171430,"['indie r&b', 'pop', 'pop r&b', 'r&b', 'rap', 'urban contemporary']"
"766","1mU61l2mcjEFraXZLpvVMo","Matthew Koma",101041,"['pop edm']"
"767","7HkdQ0gt53LP4zmHsL0nap","Ella Mai",4555178,"['dance pop', 'pop', 'r&b', 'rap', 'uk contemporary r&b', 'urban contemporary']"
"768","4b19vuzlDcNdU4quI7L6sW","ElyOtto",109292,"['hyperpop', 'weirdcore']"
"769","7n2wHs1TKAczGzO7Dd2rGr","Shawn Mendes",39186962,"['canadian pop', 'dance pop', 'pop', 'viral pop']"
"770","7pFeBzX627ff0VnN6bxPR4","Desiigner",3379558,"['pop rap', 'rap', 'trap', 'viral trap']"
"771","56oDRnqbIiwx4mymNEv7dS","Lizzo",4995092,"['dance pop', 'escape room', 'minnesota hip hop', 'pop', 'trap queen']"
"772","5Vuvs6Py2JRU7WiFDVsI7J","Lucky Daye",440587,"['pop', 'r&b']"
"773","7hJcb9fa4alzcOq3EaNPoG","Snoop Dogg",8686870,"['g funk', 'gangster rap', 'hip hop', 'pop rap', 'rap', 'west coast rap']"
"774","3JhNCzhSMTxs9WLGJJxWOY","Macklemore",1924486,"['pop rap', 'seattle hip hop']"
"775","3AQRLZ9PuTAozP28Skbq8V","The Script",7460037,"['celtic rock', 'neo mellow', 'pop', 'pop rock', 'uk pop']"
"776","7f5Zgnp2spUuuzKplmRkt7","Lost Frequencies",2479248,"['belgian edm', 'edm', 'pop', 'pop dance', 'tropical house']"
"777","6Ff53KvcvAj5U7Z1vojB5o","*NSYNC",1855254,"['boy band', 'dance pop']"
"778","2yLzlEFtIS0Q9UkyBZdQA7","Jessie Murph",363430,"['alt z', 'pop']"
"779","2RQXRUsr4IW1f3mKyKsy4B","Noah Kahan",476906,"['neo mellow', 'pop', 'uk pop']"
"780","6dC0rIJNLSFZwqckLgXJ8p","Timeflies",324519,"['dance pop', 'indie pop rap', 'pop', 'pop dance', 'pop rap', 'pop rock', 'post-teen pop', 'tropical house']"
"781","7wg1qvie3KqDNQbAkTdbX0","Louis The Child",446133,"['edm', 'electro house', 'electropop', 'pop', 'pop dance', 'tropical house']"
"782","3whuHq0yGx60atvA2RCVRW","Olly Murs",3239700,"['dance pop', 'neo mellow', 'pop', 'pop dance', 'post-teen pop', 'talent show', 'uk pop']"
"783","2cWZOOzeOm4WmBJRnD5R7I","Normani",2102005,"['dance pop', 'pop', 'post-teen pop', 'r&b', 'rap', 'uk pop', 'urban contemporary']"
